Level,RequiredStrength
1,0
2,20
3,40
4,60
5,80
6,115
7,145
8,180
9,225
10,280
11,320
12,365
13,410
14,460
15,525
16,600
17,750
18,1100
19,1350
20,1500
21,1750
22,2000
23,2500
24,3000
25,3500
26,4000
27,5000
28,6000
29,7500
30,9000
31,11000
32,14000
33,17000
34,21000
35,25000
36,30000
37,36000
38,43000
39,51000
40,60000
41,72000
42,85000
43,98000
44,114000
45,130000
46,150000
47,172000
48,196000
49,222000
50,250000
51,319000
52,463000
53,671000
54,932000
55,1235000
56,1569000
57,1924000
58,2287000
59,2650000
60,3000000
61,3351000
62,3724000
63,4118000
64,4530000
65,4961000
66,5408000
67,5871000
68,6349000
69,6840000
70,7343000
71,7857000
72,8381000
73,8914000
74,9454000
75,10000000
76,10543000
77,11080000
78,11614000
79,12153000
80,12702000
81,13266000
82,13852000
83,14465000
84,15111000
85,15795000
86,16524000
87,17304000
88,18139000
89,19036000
90,20000000
91,21098000
92,22382000
93,23840000
94,25458000
95,27222000
96,29120000
97,31138000
98,33262000
99,35480000
100,37778000
101,40142000
102,42560000
103,45018000
104,47502000
105,50000000
106,52568000
107,55269000
108,58098000
109,61049000
110,64116000
111,67294000
112,70578000
113,73963000
114,77442000
115,81010000
116,84662000
117,88392000
118,92196000
119,96067000
120,100000000
121,103910000
122,107737000
123,111513000
124,115273000
125,119048000
126,122873000
127,126779000
128,130800000
129,134968000
130,139317000
131,143880000
132,148690000
133,153779000
134,159181000
135,164928000
136,171053000
137,177591000
138,184572000
139,192031000
140,200000000
141,209441000
142,221171000
143,235012000
144,250782000
145,268301000
146,287388000
147,307864000
148,329548000
149,352259000
150,375817000
151,400042000
152,424753000
153,449770000
154,474912000
155,500000000
156,525383000
157,551580000
158,578667000
159,606716000
160,635802000
161,666000000
162,697383000
163,730025000
164,764000000
165,799383000
166,836247000
167,874667000
168,914716000
169,956469000
170,1000000000
171,1045235000
172,1092247000
173,1141333000
174,1192790000
175,1246914000
176,1304000000
177,1364346000
178,1428247000
179,1496000000
180,1567901000
181,1644247000
182,1725333000
183,1811457000
184,1902914000
185,2000000000
186,2109778000
187,2238222000
188,2384000000
189,2545778000
190,2722222000
191,2912000000
192,3113778000
193,3326222000
194,3548000000
195,3777778000
196,4014222000
197,4256000000
198,4501778000
199,4750222000
200,5000000000
201,5250000000
202,5500000000
203,5750000000
204,6000000000
205,6250000000
206,6500000000
207,6750000000
208,7000000000
209,7250000000
210,7500000000
211,7750000000
212,8000000000
213,8250000000
214,8500000000
215,8750000000
216,9000000000
217,9250000000
218,9500000000
219,9750000000
220,10000000000
221,10250000000
222,10500000000
223,10750000000
224,11000000000
225,11250000000
226,11500000000
227,11750000000
228,12000000000
229,12250000000
230,12500000000
231,12750000000
232,13000000000
233,13250000000
234,13500000000
235,13750000000
236,14000000000
237,14250000000
238,14500000000
239,14750000000
240,15000000000
241,15250000000
242,15500000000
243,15750000000
244,16000000000
245,16250000000
246,16500000000
247,16750000000
248,17000000000
249,17250000000
250,17500000000
251,17750000000
252,18000000000
253,18250000000
254,18500000000
255,18750000000
256,19000000000
257,19250000000
258,19500000000
259,19750000000
260,20000000000
261,20250000000
262,20500000000
263,20750000000
264,21000000000
265,21250000000
266,21500000000
267,21750000000
268,22000000000
269,22250000000
270,22500000000
271,22750000000
272,23000000000
273,23250000000
274,23500000000
275,23750000000
276,24000000000
277,24250000000
278,24500000000
279,24750000000
280,25000000000
281,25250000000
282,25500000000
283,25750000000
284,26000000000
285,26250000000
286,26500000000
287,26750000000
288,27000000000
289,27250000000
290,27500000000
291,27750000000
292,28000000000
293,28250000000
294,28500000000
295,28750000000
296,29000000000
297,29250000000
298,29500000000
299,29750000000
300,30000000000
301,30250000000
302,30500000000
303,30750000000
304,31000000000
305,31250000000
306,31500000000
307,31750000000
308,32000000000
309,32250000000
310,32500000000
311,32750000000
312,33000000000
313,33250000000
314,33500000000
315,33750000000
316,34000000000
317,34250000000
318,34500000000
319,34750000000
320,35000000000
321,35250000000
322,35500000000
323,35750000000
324,36000000000
325,36250000000
326,36500000000
327,36750000000
328,37000000000
329,37250000000
330,37500000000
331,37750000000
332,38000000000
333,38250000000
334,38500000000
335,38750000000
336,39000000000
337,39250000000
338,39500000000
339,39750000000
340,40000000000
341,40250000000
342,40500000000
343,40750000000
344,41000000000
345,41250000000
346,41500000000
347,41750000000
348,42000000000
349,42250000000
350,42500000000
351,42750000000
352,43000000000
353,43250000000
354,43500000000
355,43750000000
356,44000000000
357,44250000000
358,44500000000
359,44750000000
360,45000000000
361,45250000000
362,45500000000
363,45750000000
364,46000000000
365,46250000000
366,46500000000
367,46750000000
368,47000000000
369,47250000000
370,47500000000
371,47750000000
372,48000000000
373,48250000000
374,48500000000
375,48750000000
376,49000000000
377,49250000000
378,49500000000
379,49750000000
380,50000000000
381,50250000000
382,50500000000
383,50750000000
384,51000000000
385,51250000000
386,51500000000
387,51750000000
388,52000000000
389,52250000000
390,52500000000
391,52750000000
392,53000000000
393,53250000000
394,53500000000
395,53750000000
396,54000000000
397,54250000000
398,54500000000
399,54750000000
400,55000000000
401,55250000000
402,55500000000
403,55750000000
404,56000000000
405,56250000000
406,56500000000
407,56750000000
408,57000000000
409,57250000000
410,57500000000
411,57750000000
412,58000000000
413,58250000000
414,58500000000
415,58750000000
416,59000000000
417,59250000000
418,59500000000
419,59750000000
420,60000000000
421,60250000000
422,60500000000
423,60750000000
424,61000000000
425,61250000000
426,61500000000
427,61750000000
428,62000000000
429,62250000000
430,62500000000
431,62750000000
432,63000000000
433,63250000000
434,63500000000
435,63750000000
436,64000000000
437,64250000000
438,64500000000
439,64750000000
440,65000000000
441,65250000000
442,65500000000
443,65750000000
444,66000000000
445,66250000000
446,66500000000
447,66750000000
448,67000000000
449,67250000000
450,67500000000
451,67750000000
452,68000000000
453,68250000000
454,68500000000
455,68750000000
456,69000000000
457,69250000000
458,69500000000
459,69750000000
460,70000000000
461,70250000000
462,70500000000
463,70750000000
464,71000000000
465,71250000000
466,71500000000
467,71750000000
468,72000000000
469,72250000000
470,72500000000
471,72750000000
472,73000000000
473,73250000000
474,73500000000
475,73750000000
476,74000000000
477,74250000000
478,74500000000
479,74750000000
480,75000000000
481,75250000000
482,75500000000
483,75750000000
484,76000000000
485,76250000000
486,76500000000
487,76750000000
488,77000000000
489,77250000000
490,77500000000
491,77750000000
492,78000000000
493,78250000000
494,78500000000
495,78750000000
496,79000000000
497,79250000000
498,79500000000
499,79750000000
500,80000000000
501,80250000000
502,80500000000
503,80750000000
504,81000000000
505,81250000000
506,81500000000
507,81750000000
508,82000000000
509,82250000000
510,82500000000
511,82750000000
512,83000000000
513,83250000000
514,83500000000
515,83750000000
516,84000000000
517,84250000000
518,84500000000
519,84750000000
520,85000000000
521,85250000000
522,85500000000
523,85750000000
524,86000000000
525,86250000000
526,86500000000
527,86750000000
528,87000000000
529,87250000000
530,87500000000
531,87750000000
532,88000000000
533,88250000000
534,88500000000
535,88750000000
536,89000000000
537,89250000000
538,89500000000
539,89750000000
540,90000000000
541,90250000000
542,90500000000
543,90750000000
544,91000000000
545,91250000000
546,91500000000
547,91750000000
548,92000000000
549,92250000000
550,92500000000
551,92750000000
552,93000000000
553,93250000000
554,93500000000
555,93750000000
556,94000000000
557,94250000000
558,94500000000
559,94750000000
560,95000000000
561,95250000000
562,95500000000
563,95750000000
564,96000000000
565,96250000000
566,96500000000
567,96750000000
568,97000000000
569,97250000000
570,97500000000
571,97750000000
572,98000000000
573,98250000000
574,98500000000
575,98750000000
576,99000000000
577,99250000000
578,99500000000
579,99750000000
580,100000000000
581,100250000000
582,100500000000
583,100750000000
584,101000000000
585,101250000000
586,101500000000
587,101750000000
588,102000000000
589,102250000000
590,102500000000
591,102750000000
592,103000000000
593,103250000000
594,103500000000
595,103750000000
596,104000000000
597,104250000000
598,104500000000
599,104750000000
600,105000000000
601,105250000000
602,105500000000
603,105750000000
604,106000000000
605,106250000000
606,106500000000
607,106750000000
608,107000000000
609,107250000000
610,107500000000
611,107750000000
612,108000000000
613,108250000000
614,108500000000
615,108750000000
616,109000000000
617,109250000000
618,109500000000
619,109750000000
620,110000000000
621,110250000000
622,110500000000
623,110750000000
624,111000000000
625,111250000000
626,111500000000
627,111750000000
628,112000000000
629,112250000000
630,112500000000
631,112750000000
632,113000000000
633,113250000000
634,113500000000
635,113750000000
636,114000000000
637,114250000000
638,114500000000
639,114750000000
640,115000000000
641,115250000000
642,115500000000
643,115750000000
644,116000000000
645,116250000000
646,116500000000
647,116750000000
648,117000000000
649,117250000000
650,117500000000
651,117750000000
652,118000000000
653,118250000000
654,118500000000
655,118750000000
656,119000000000
657,119250000000
658,119500000000
659,119750000000
660,120000000000
661,120250000000
662,120500000000
663,120750000000
664,121000000000
665,121250000000
666,121500000000
667,121750000000
668,122000000000
669,122250000000
670,122500000000
671,122750000000
672,123000000000
673,123250000000
674,123500000000
675,123750000000
676,124000000000
677,124250000000
678,124500000000
679,124750000000
680,125000000000
681,125250000000
682,125500000000
683,125750000000
684,126000000000
685,126250000000
686,126500000000
687,126750000000
688,127000000000
689,127250000000
690,127500000000
691,127750000000
692,128000000000
693,128250000000
694,128500000000
695,128750000000
696,129000000000
697,129250000000
698,129500000000
699,129750000000
700,130000000000
701,130250000000
702,130500000000
703,130750000000
704,131000000000
705,131250000000
706,131500000000
707,131750000000
708,132000000000
709,132250000000
710,132500000000
711,132750000000
712,133000000000
713,133250000000
714,133500000000
715,133750000000
716,134000000000
717,134250000000
718,134500000000
719,134750000000
720,135000000000
721,135250000000
722,135500000000
723,135750000000
724,136000000000
725,136250000000
726,136500000000
727,136750000000
728,137000000000
729,137250000000
730,137500000000
731,137750000000
732,138000000000
733,138250000000
734,138500000000
735,138750000000
736,139000000000
737,139250000000
738,139500000000
739,139750000000
740,140000000000
741,140250000000
742,140500000000
743,140750000000
744,141000000000
745,141250000000
746,141500000000
747,141750000000
748,142000000000
749,142250000000
750,142500000000
751,142750000000
752,143000000000
753,143250000000
754,143500000000
755,143750000000
756,144000000000
757,144250000000
758,144500000000
759,144750000000
760,145000000000
761,145250000000
762,145500000000
763,145750000000
764,146000000000
765,146250000000
766,146500000000
767,146750000000
768,147000000000
769,147250000000
770,147500000000
771,147750000000
772,148000000000
773,148250000000
774,148500000000
775,148750000000
776,149000000000
777,149250000000
778,149500000000
779,149750000000
780,150000000000
781,150250000000
782,150500000000
783,150750000000
784,151000000000
785,151250000000
786,151500000000
787,151750000000
788,152000000000
789,152250000000
790,152500000000
791,152750000000
792,153000000000
793,153250000000
794,153500000000
795,153750000000
796,154000000000
797,154250000000
798,154500000000
799,154750000000
800,155000000000
801,155250000000
802,155500000000
803,155750000000
804,156000000000
805,156250000000
806,156500000000
807,156750000000
808,157000000000
809,157250000000
810,157500000000
811,157750000000
812,158000000000
813,158250000000
814,158500000000
815,158750000000
816,159000000000
817,159250000000
818,159500000000
819,159750000000
820,160000000000
821,160250000000
822,160500000000
823,160750000000
824,161000000000
825,161250000000
826,161500000000
827,161750000000
828,162000000000
829,162250000000
830,162500000000
831,162750000000
832,163000000000
833,163250000000
834,163500000000
835,163750000000
836,164000000000
837,164250000000
838,164500000000
839,164750000000
840,165000000000
841,165250000000
842,165500000000
843,165750000000
844,166000000000
845,166250000000
846,166500000000
847,166750000000
848,167000000000
849,167250000000
850,167500000000
851,167750000000
852,168000000000
853,168250000000
854,168500000000
855,168750000000
856,169000000000
857,169250000000
858,169500000000
859,169750000000
860,170000000000
861,170250000000
862,170500000000
863,170750000000
864,171000000000
865,171250000000
866,171500000000
867,171750000000
868,172000000000
869,172250000000
870,172500000000
871,172750000000
872,173000000000
873,173250000000
874,173500000000
875,173750000000
876,174000000000
877,174250000000
878,174500000000
879,174750000000
880,175000000000
881,175250000000
882,175500000000
883,175750000000
884,176000000000
885,176250000000
886,176500000000
887,176750000000
888,177000000000
889,177250000000
890,177500000000
891,177750000000
892,178000000000
893,178250000000
894,178500000000
895,178750000000
896,179000000000
897,179250000000
898,179500000000
899,179750000000
900,180000000000
901,180250000000
902,180500000000
903,180750000000
904,181000000000
905,181250000000
906,181500000000
907,181750000000
908,182000000000
909,182250000000
910,182500000000
911,182750000000
912,183000000000
913,183250000000
914,183500000000
915,183750000000
916,184000000000
917,184250000000
918,184500000000
919,184750000000
920,185000000000
921,185250000000
922,185500000000
923,185750000000
924,186000000000
925,186250000000
926,186500000000
927,186750000000
928,187000000000
929,187250000000
930,187500000000
931,187750000000
932,188000000000
933,188250000000
934,188500000000
935,188750000000
936,189000000000
937,189250000000
938,189500000000
939,189750000000
940,190000000000
941,190250000000
942,190500000000
943,190750000000
944,191000000000
945,191250000000
946,191500000000
947,191750000000
948,192000000000
949,192250000000
950,192500000000
951,192750000000
952,193000000000
953,193250000000
954,193500000000
955,193750000000
956,194000000000
957,194250000000
958,194500000000
959,194750000000
960,195000000000
961,195250000000
962,195500000000
963,195750000000
964,196000000000
965,196250000000
966,196500000000
967,196750000000
968,197000000000
969,197250000000
970,197500000000
971,197750000000
972,198000000000
973,198250000000
974,198500000000
975,198750000000
976,199000000000
977,199250000000
978,199500000000
979,199750000000
980,200000000000
981,200250000000
982,200500000000
983,200750000000
984,201000000000
985,201250000000
986,201500000000
987,201750000000
988,202000000000
989,202250000000
990,202500000000
991,202750000000
992,203000000000
993,203250000000
994,203500000000
995,203750000000
996,204000000000
997,204250000000
998,204500000000
999,204750000000
1000,205000000000
1001,205250000000
1002,205500000000
1003,205750000000
1004,206000000000
1005,206250000000
1006,206500000000
1007,206750000000
1008,207000000000
1009,207250000000
1010,207500000000
1011,207750000000
1012,208000000000
1013,208250000000
1014,208500000000
1015,208750000000
1016,209000000000
1017,209250000000
1018,209500000000
1019,209750000000
1020,210000000000
1021,210250000000
1022,210500000000
1023,210750000000
1024,211000000000
1025,211250000000
1026,211500000000
1027,211750000000
1028,212000000000
1029,212250000000
1030,212500000000
1031,212750000000
1032,213000000000
1033,213250000000
1034,213500000000
1035,213750000000
1036,214000000000
1037,214250000000
1038,214500000000
1039,214750000000
1040,215000000000
1041,215250000000
1042,215500000000
1043,215750000000
1044,216000000000
1045,216250000000
1046,216500000000
1047,216750000000
1048,217000000000
1049,217250000000
1050,217500000000
1051,217750000000
1052,218000000000
1053,218250000000
1054,218500000000
1055,218750000000
1056,219000000000
1057,219250000000
1058,219500000000
1059,219750000000
1060,220000000000
1061,220250000000
1062,220500000000
1063,220750000000
1064,221000000000
1065,221250000000
1066,221500000000
1067,221750000000
1068,222000000000
1069,222250000000
1070,222500000000
1071,222750000000
1072,223000000000
1073,223250000000
1074,223500000000
1075,223750000000
1076,224000000000
1077,224250000000
1078,224500000000
1079,224750000000
1080,225000000000
1081,225250000000
1082,225500000000
1083,225750000000
1084,226000000000
1085,226250000000
1086,226500000000
1087,226750000000
1088,227000000000
1089,227250000000
1090,227500000000
1091,227750000000
1092,228000000000
1093,228250000000
1094,228500000000
1095,228750000000
1096,229000000000
1097,229250000000
1098,229500000000
1099,229750000000
1100,230000000000
1101,230250000000
1102,230500000000
1103,230750000000
1104,231000000000
1105,231250000000
1106,231500000000
1107,231750000000
1108,232000000000
1109,232250000000
1110,232500000000
1111,232750000000
1112,233000000000
1113,233250000000
1114,233500000000
1115,233750000000
1116,234000000000
1117,234250000000
1118,234500000000
1119,234750000000
1120,235000000000
1121,235250000000
1122,235500000000
1123,235750000000
1124,236000000000
1125,236250000000
1126,236500000000
1127,236750000000
1128,237000000000
1129,237250000000
1130,237500000000
1131,237750000000
1132,238000000000
1133,238250000000
1134,238500000000
1135,238750000000
1136,239000000000
1137,239250000000
1138,239500000000
1139,239750000000
1140,240000000000
1141,240250000000
1142,240500000000
1143,240750000000
1144,241000000000
1145,241250000000
1146,241500000000
1147,241750000000
1148,242000000000
1149,242250000000
1150,242500000000
1151,242750000000
1152,243000000000
1153,243250000000
1154,243500000000
1155,243750000000
1156,244000000000
1157,244250000000
1158,244500000000
1159,244750000000
1160,245000000000
1161,245250000000
1162,245500000000
1163,245750000000
1164,246000000000
1165,246250000000
1166,246500000000
1167,246750000000
1168,247000000000
1169,247250000000
1170,247500000000
1171,247750000000
1172,248000000000
1173,248250000000
1174,248500000000
1175,248750000000
1176,249000000000
1177,249250000000
1178,249500000000
1179,249750000000
1180,250000000000
1181,250250000000
1182,250500000000
1183,250750000000
1184,251000000000
1185,251250000000
1186,251500000000
1187,251750000000
1188,252000000000
1189,252250000000
1190,252500000000
1191,252750000000
1192,253000000000
1193,253250000000
1194,253500000000
1195,253750000000
1196,254000000000
1197,254250000000
1198,254500000000
1199,254750000000
1200,255000000000
1201,255250000000
1202,255500000000
1203,255750000000
1204,256000000000
1205,256250000000
1206,256500000000
1207,256750000000
1208,257000000000
1209,257250000000
1210,257500000000
1211,257750000000
1212,258000000000
1213,258250000000
1214,258500000000
1215,258750000000
1216,259000000000
1217,259250000000
1218,259500000000
1219,259750000000
1220,260000000000
1221,260250000000
1222,260500000000
1223,260750000000
1224,261000000000
1225,261250000000
1226,261500000000
1227,261750000000
1228,262000000000
1229,262250000000
1230,262500000000
1231,262750000000
1232,263000000000
1233,263250000000
1234,263500000000
1235,263750000000
1236,264000000000
1237,264250000000
1238,264500000000
1239,264750000000
1240,265000000000
1241,265250000000
1242,265500000000
1243,265750000000
1244,266000000000
1245,266250000000
1246,266500000000
1247,266750000000
1248,267000000000
1249,267250000000
1250,267500000000
1251,267750000000
1252,268000000000
1253,268250000000
1254,268500000000
1255,268750000000
1256,269000000000
1257,269250000000
1258,269500000000
1259,269750000000
1260,270000000000
1261,270250000000
1262,270500000000
1263,270750000000
1264,271000000000
1265,271250000000
1266,271500000000
1267,271750000000
1268,272000000000
1269,272250000000
1270,272500000000
1271,272750000000
1272,273000000000
1273,273250000000
1274,273500000000
1275,273750000000
1276,274000000000
1277,274250000000
1278,274500000000
1279,274750000000
1280,275000000000
1281,275250000000
1282,275500000000
1283,275750000000
1284,276000000000
1285,276250000000
1286,276500000000
1287,276750000000
1288,277000000000
1289,277250000000
1290,277500000000
1291,277750000000
1292,278000000000
1293,278250000000
1294,278500000000
1295,278750000000
1296,279000000000
1297,279250000000
1298,279500000000
1299,279750000000
1300,280000000000
1301,280250000000
1302,280500000000
1303,280750000000
1304,281000000000
1305,281250000000
1306,281500000000
1307,281750000000
1308,282000000000
1309,282250000000
1310,282500000000
1311,282750000000
1312,283000000000
1313,283250000000
1314,283500000000
1315,283750000000
1316,284000000000
1317,284250000000
1318,284500000000
1319,284750000000
1320,285000000000
1321,285250000000
1322,285500000000
1323,285750000000
1324,286000000000
1325,286250000000
1326,286500000000
1327,286750000000
1328,287000000000
1329,287250000000
1330,287500000000
1331,287750000000
1332,288000000000
1333,288250000000
1334,288500000000
1335,288750000000
1336,289000000000
1337,289250000000
1338,289500000000
1339,289750000000
1340,290000000000
1341,290250000000
1342,290500000000
1343,290750000000
1344,291000000000
1345,291250000000
1346,291500000000
1347,291750000000
1348,292000000000
1349,292250000000
1350,292500000000
1351,292750000000
1352,293000000000
1353,293250000000
1354,293500000000
1355,293750000000
1356,294000000000
1357,294250000000
1358,294500000000
1359,294750000000
1360,295000000000
1361,295250000000
1362,295500000000
1363,295750000000
1364,296000000000
1365,296250000000
1366,296500000000
1367,296750000000
1368,297000000000
1369,297250000000
1370,297500000000
1371,297750000000
1372,298000000000
1373,298250000000
1374,298500000000
1375,298750000000
1376,299000000000
1377,299250000000
1378,299500000000
1379,299750000000
1380,300000000000
1381,300250000000
1382,300500000000
1383,300750000000
1384,301000000000
1385,301250000000
1386,301500000000
1387,301750000000
1388,302000000000
1389,302250000000
1390,302500000000
1391,302750000000
1392,303000000000
1393,303250000000
1394,303500000000
1395,303750000000
1396,304000000000
1397,304250000000
1398,304500000000
1399,304750000000
1400,305000000000
1401,305250000000
1402,305500000000
1403,305750000000
1404,306000000000
1405,306250000000
1406,306500000000
1407,306750000000
1408,307000000000
1409,307250000000
1410,307500000000
1411,307750000000
1412,308000000000
1413,308250000000
1414,308500000000
1415,308750000000
1416,309000000000
1417,309250000000
1418,309500000000
1419,309750000000
1420,310000000000
1421,310250000000
1422,310500000000
1423,310750000000
1424,311000000000
1425,311250000000
1426,311500000000
1427,311750000000
1428,312000000000
1429,312250000000
1430,312500000000
1431,312750000000
1432,313000000000
1433,313250000000
1434,313500000000
1435,313750000000
1436,314000000000
1437,314250000000
1438,314500000000
1439,314750000000
1440,315000000000
1441,315250000000
1442,315500000000
1443,315750000000
1444,316000000000
1445,316250000000
1446,316500000000
1447,316750000000
1448,317000000000
1449,317250000000
1450,317500000000
1451,317750000000
1452,318000000000
1453,318250000000
1454,318500000000
1455,318750000000
1456,319000000000
1457,319250000000
1458,319500000000
1459,319750000000
1460,320000000000
1461,320250000000
1462,320500000000
1463,320750000000
1464,321000000000
1465,321250000000
1466,321500000000
1467,321750000000
1468,322000000000
1469,322250000000
1470,322500000000
1471,322750000000
1472,323000000000
1473,323250000000
1474,323500000000
1475,323750000000
1476,324000000000
1477,324250000000
1478,324500000000
1479,324750000000
1480,325000000000
1481,325250000000
1482,325500000000
1483,325750000000
1484,326000000000
1485,326250000000
1486,326500000000
1487,326750000000
1488,327000000000
1489,327250000000
1490,327500000000
1491,327750000000
1492,328000000000
1493,328250000000
1494,328500000000
1495,328750000000
1496,329000000000
1497,329250000000
1498,329500000000
1499,329750000000
1500,330000000000
1501,330250000000
1502,330500000000
1503,330750000000
1504,331000000000
1505,331250000000
1506,331500000000
1507,331750000000
1508,332000000000
1509,332250000000
1510,332500000000
1511,332750000000
1512,333000000000
1513,333250000000
1514,333500000000
1515,333750000000
1516,334000000000
1517,334250000000
1518,334500000000
1519,334750000000
1520,335000000000
1521,335250000000
1522,335500000000
1523,335750000000
1524,336000000000
1525,336250000000
1526,336500000000
1527,336750000000
1528,337000000000
1529,337250000000
1530,337500000000
1531,337750000000
1532,338000000000
1533,338250000000
1534,338500000000
1535,338750000000
1536,339000000000
1537,339250000000
1538,339500000000
1539,339750000000
1540,340000000000
1541,340250000000
1542,340500000000
1543,340750000000
1544,341000000000
1545,341250000000
1546,341500000000
1547,341750000000
1548,342000000000
1549,342250000000
1550,342500000000
1551,342750000000
1552,343000000000
1553,343250000000
1554,343500000000
1555,343750000000
1556,344000000000
1557,344250000000
1558,344500000000
1559,344750000000
1560,345000000000
1561,345250000000
1562,345500000000
1563,345750000000
1564,346000000000
1565,346250000000
1566,346500000000
1567,346750000000
1568,347000000000
1569,347250000000
1570,347500000000
1571,347750000000
1572,348000000000
1573,348250000000
1574,348500000000
1575,348750000000
1576,349000000000
1577,349250000000
1578,349500000000
1579,349750000000
1580,350000000000
1581,350250000000
1582,350500000000
1583,350750000000
1584,351000000000
1585,351250000000
1586,351500000000
1587,351750000000
1588,352000000000
1589,352250000000
1590,352500000000
1591,352750000000
1592,353000000000
1593,353250000000
1594,353500000000
1595,353750000000
1596,354000000000
1597,354250000000
1598,354500000000
1599,354750000000
1600,355000000000
1601,355250000000
1602,355500000000
1603,355750000000
1604,356000000000
1605,356250000000
1606,356500000000
1607,356750000000
1608,357000000000
1609,357250000000
1610,357500000000
1611,357750000000
1612,358000000000
1613,358250000000
1614,358500000000
1615,358750000000
1616,359000000000
1617,359250000000
1618,359500000000
1619,359750000000
1620,360000000000
1621,360250000000
1622,360500000000
1623,360750000000
1624,361000000000
1625,361250000000
1626,361500000000
1627,361750000000
1628,362000000000
1629,362250000000
1630,362500000000
1631,362750000000
1632,363000000000
1633,363250000000
1634,363500000000
1635,363750000000
1636,364000000000
1637,364250000000
1638,364500000000
1639,364750000000
1640,365000000000
1641,365250000000
1642,365500000000
1643,365750000000
1644,366000000000
1645,366250000000
1646,366500000000
1647,366750000000
1648,367000000000
1649,367250000000
1650,367500000000
1651,367750000000
1652,368000000000
1653,368250000000
1654,368500000000
1655,368750000000
1656,369000000000
1657,369250000000
1658,369500000000
1659,369750000000
1660,370000000000
1661,370250000000
1662,370500000000
1663,370750000000
1664,371000000000
1665,371250000000
1666,371500000000
1667,371750000000
1668,372000000000
1669,372250000000
1670,372500000000
1671,372750000000
1672,373000000000
1673,373250000000
1674,373500000000
1675,373750000000
1676,374000000000
1677,374250000000
1678,374500000000
1679,374750000000
1680,375000000000
1681,375250000000
1682,375500000000
1683,375750000000
1684,376000000000
1685,376250000000
1686,376500000000
1687,376750000000
1688,377000000000
1689,377250000000
1690,377500000000
1691,377750000000
1692,378000000000
1693,378250000000
1694,378500000000
1695,378750000000
1696,379000000000
1697,379250000000
1698,379500000000
1699,379750000000
1700,380000000000
1701,380250000000
1702,380500000000
1703,380750000000
1704,381000000000
1705,381250000000
1706,381500000000
1707,381750000000
1708,382000000000
1709,382250000000
1710,382500000000
1711,382750000000
1712,383000000000
1713,383250000000
1714,383500000000
1715,383750000000
1716,384000000000
1717,384250000000
1718,384500000000
1719,384750000000
1720,385000000000
1721,385250000000
1722,385500000000
1723,385750000000
1724,386000000000
1725,386250000000
1726,386500000000
1727,386750000000
1728,387000000000
1729,387250000000
1730,387500000000
1731,387750000000
1732,388000000000
1733,388250000000
1734,388500000000
1735,388750000000
1736,389000000000
1737,389250000000
1738,389500000000
1739,389750000000
1740,390000000000
1741,390250000000
1742,390500000000
1743,390750000000
1744,391000000000
1745,391250000000
1746,391500000000
1747,391750000000
1748,392000000000
1749,392250000000
1750,392500000000
1751,392750000000
1752,393000000000
1753,393250000000
1754,393500000000
1755,393750000000
1756,394000000000
1757,394250000000
1758,394500000000
1759,394750000000
1760,395000000000
1761,395250000000
1762,395500000000
1763,395750000000
1764,396000000000
1765,396250000000
1766,396500000000
1767,396750000000
1768,397000000000
1769,397250000000
1770,397500000000
1771,397750000000
1772,398000000000
1773,398250000000
1774,398500000000
1775,398750000000
1776,399000000000
1777,399250000000
1778,399500000000
1779,399750000000
1780,400000000000
1781,400250000000
1782,400500000000
1783,400750000000
1784,401000000000
1785,401250000000
1786,401500000000
1787,401750000000
1788,402000000000
1789,402250000000
1790,402500000000
1791,402750000000
1792,403000000000
1793,403250000000
1794,403500000000
1795,403750000000
1796,404000000000
1797,404250000000
1798,404500000000
1799,404750000000
1800,405000000000
1801,405250000000
1802,405500000000
1803,405750000000
1804,406000000000
1805,406250000000
1806,406500000000
1807,406750000000
1808,407000000000
1809,407250000000
1810,407500000000
1811,407750000000
1812,408000000000
1813,408250000000
1814,408500000000
1815,408750000000
1816,409000000000
1817,409250000000
1818,409500000000
1819,409750000000
1820,410000000000
1821,410250000000
1822,410500000000
1823,410750000000
1824,411000000000
1825,411250000000
1826,411500000000
1827,411750000000
1828,412000000000
1829,412250000000
1830,412500000000
1831,412750000000
1832,413000000000
1833,413250000000
1834,413500000000
1835,413750000000
1836,414000000000
1837,414250000000
1838,414500000000
1839,414750000000
1840,415000000000
1841,415250000000
1842,415500000000
1843,415750000000
1844,416000000000
1845,416250000000
1846,416500000000
1847,416750000000
1848,417000000000
1849,417250000000
1850,417500000000
1851,417750000000
1852,418000000000
1853,418250000000
1854,418500000000
1855,418750000000
1856,419000000000
1857,419250000000
1858,419500000000
1859,419750000000
1860,420000000000
1861,420250000000
1862,420500000000
1863,420750000000
1864,421000000000
1865,421250000000
1866,421500000000
1867,421750000000
1868,422000000000
1869,422250000000
1870,422500000000
1871,422750000000
1872,423000000000
1873,423250000000
1874,423500000000
1875,423750000000
1876,424000000000
1877,424250000000
1878,424500000000
1879,424750000000
1880,425000000000
1881,425250000000
1882,425500000000
1883,425750000000
1884,426000000000
1885,426250000000
1886,426500000000
1887,426750000000
1888,427000000000
1889,427250000000
1890,427500000000
1891,427750000000
1892,428000000000
1893,428250000000
1894,428500000000
1895,428750000000
1896,429000000000
1897,429250000000
1898,429500000000
1899,429750000000
1900,430000000000
1901,430250000000
1902,430500000000
1903,430750000000
1904,431000000000
1905,431250000000
1906,431500000000
1907,431750000000
1908,432000000000
1909,432250000000
1910,432500000000
1911,432750000000
1912,433000000000
1913,433250000000
1914,433500000000
1915,433750000000
1916,434000000000
1917,434250000000
1918,434500000000
1919,434750000000
1920,435000000000
1921,435250000000
1922,435500000000
1923,435750000000
1924,436000000000
1925,436250000000
1926,436500000000
1927,436750000000
1928,437000000000
1929,437250000000
1930,437500000000
1931,437750000000
1932,438000000000
1933,438250000000
1934,438500000000
1935,438750000000
1936,439000000000
1937,439250000000
1938,439500000000
1939,439750000000
1940,440000000000
1941,440250000000
1942,440500000000
1943,440750000000
1944,441000000000
1945,441250000000
1946,441500000000
1947,441750000000
1948,442000000000
1949,442250000000
1950,442500000000
1951,442750000000
1952,443000000000
1953,443250000000
1954,443500000000
1955,443750000000
1956,444000000000
1957,444250000000
1958,444500000000
1959,444750000000
1960,445000000000
1961,445250000000
1962,445500000000
1963,445750000000
1964,446000000000
1965,446250000000
1966,446500000000
1967,446750000000
1968,447000000000
1969,447250000000
1970,447500000000
1971,447750000000
1972,448000000000
1973,448250000000
1974,448500000000
1975,448750000000
1976,449000000000
1977,449250000000
1978,449500000000
1979,449750000000
1980,450000000000
1981,450250000000
1982,450500000000
1983,450750000000
1984,451000000000
1985,451250000000
1986,451500000000
1987,451750000000
1988,452000000000
1989,452250000000
1990,452500000000
1991,452750000000
1992,453000000000
1993,453250000000
1994,453500000000
1995,453750000000
1996,454000000000
1997,454250000000
1998,454500000000
1999,454750000000
2000,455000000000
2001,455250000000
2002,455500000000
2003,455750000000
2004,456000000000
2005,456250000000
2006,456500000000
2007,456750000000
2008,457000000000
2009,457250000000
2010,457500000000
2011,457750000000
2012,458000000000
2013,458250000000
2014,458500000000
2015,458750000000
2016,459000000000
2017,459250000000
2018,459500000000
2019,459750000000
2020,460000000000
2021,460250000000
2022,460500000000
2023,460750000000
2024,461000000000
2025,461250000000
2026,461500000000
2027,461750000000
2028,462000000000
2029,462250000000
2030,462500000000
2031,462750000000
2032,463000000000
2033,463250000000
2034,463500000000
2035,463750000000
2036,464000000000
2037,464250000000
2038,464500000000
2039,464750000000
2040,465000000000
2041,465250000000
2042,465500000000
2043,465750000000
2044,466000000000
2045,466250000000
2046,466500000000
2047,466750000000
2048,467000000000
2049,467250000000
2050,467500000000
2051,467750000000
2052,468000000000
2053,468250000000
2054,468500000000
2055,468750000000
2056,469000000000
2057,469250000000
2058,469500000000
2059,469750000000
2060,470000000000
2061,470250000000
2062,470500000000
2063,470750000000
2064,471000000000
2065,471250000000
2066,471500000000
2067,471750000000
2068,472000000000
2069,472250000000
2070,472500000000
2071,472750000000
2072,473000000000
2073,473250000000
2074,473500000000
2075,473750000000
2076,474000000000
2077,474250000000
2078,474500000000
2079,474750000000
2080,475000000000
2081,475250000000
2082,475500000000
2083,475750000000
2084,476000000000
2085,476250000000
2086,476500000000
2087,476750000000
2088,477000000000
2089,477250000000
2090,477500000000
2091,477750000000
2092,478000000000
2093,478250000000
2094,478500000000
2095,478750000000
2096,479000000000
2097,479250000000
2098,479500000000
2099,479750000000
2100,480000000000
2101,480250000000
2102,480500000000
2103,480750000000
2104,481000000000
2105,481250000000
2106,481500000000
2107,481750000000
2108,482000000000
2109,482250000000
2110,482500000000
2111,482750000000
2112,483000000000
2113,483250000000
2114,483500000000
2115,483750000000
2116,484000000000
2117,484250000000
2118,484500000000
2119,484750000000
2120,485000000000
2121,485250000000
2122,485500000000
2123,485750000000
2124,486000000000
2125,486250000000
2126,486500000000
2127,486750000000
2128,487000000000
2129,487250000000
2130,487500000000
2131,487750000000
2132,488000000000
2133,488250000000
2134,488500000000
2135,488750000000
2136,489000000000
2137,489250000000
2138,489500000000
2139,489750000000
2140,490000000000
2141,490250000000
2142,490500000000
2143,490750000000
2144,491000000000
2145,491250000000
2146,491500000000
2147,491750000000
2148,492000000000
2149,492250000000
2150,492500000000
2151,492750000000
2152,493000000000
2153,493250000000
2154,493500000000
2155,493750000000
2156,494000000000
2157,494250000000
2158,494500000000
2159,494750000000
2160,495000000000
2161,495250000000
2162,495500000000
2163,495750000000
2164,496000000000
2165,496250000000
2166,496500000000
2167,496750000000
2168,497000000000
2169,497250000000
2170,497500000000
2171,497750000000
2172,498000000000
2173,498250000000
2174,498500000000
2175,498750000000
2176,499000000000
2177,499250000000
2178,499500000000
2179,499750000000
2180,500000000000
2181,500250000000
2182,500500000000
2183,500750000000
2184,501000000000
2185,501250000000
2186,501500000000
2187,501750000000
2188,502000000000
2189,502250000000
2190,502500000000
2191,502750000000
2192,503000000000
2193,503250000000
2194,503500000000
2195,503750000000
2196,504000000000
2197,504250000000
2198,504500000000
2199,504750000000
2200,505000000000
2201,505250000000
2202,505500000000
2203,505750000000
2204,506000000000
2205,506250000000
2206,506500000000
2207,506750000000
2208,507000000000
2209,507250000000
2210,507500000000
2211,507750000000
2212,508000000000
2213,508250000000
2214,508500000000
2215,508750000000
2216,509000000000
2217,509250000000
2218,509500000000
2219,509750000000
2220,510000000000
2221,510250000000
2222,510500000000
2223,510750000000
2224,511000000000
2225,511250000000
2226,511500000000
2227,511750000000
2228,512000000000
2229,512250000000
2230,512500000000
2231,512750000000
2232,513000000000
2233,513250000000
2234,513500000000
2235,513750000000
2236,514000000000
2237,514250000000
2238,514500000000
2239,514750000000
2240,515000000000
2241,515250000000
2242,515500000000
2243,515750000000
2244,516000000000
2245,516250000000
2246,516500000000
2247,516750000000
2248,517000000000
2249,517250000000
2250,517500000000
2251,517750000000
2252,518000000000
2253,518250000000
2254,518500000000
2255,518750000000
2256,519000000000
2257,519250000000
2258,519500000000
2259,519750000000
2260,520000000000
2261,520250000000
2262,520500000000
2263,520750000000
2264,521000000000
2265,521250000000
2266,521500000000
2267,521750000000
2268,522000000000
2269,522250000000
2270,522500000000
2271,522750000000
2272,523000000000
2273,523250000000
2274,523500000000
2275,523750000000
2276,524000000000
2277,524250000000
2278,524500000000
2279,524750000000
2280,525000000000
2281,525250000000
2282,525500000000
2283,525750000000
2284,526000000000
2285,526250000000
2286,526500000000
2287,526750000000
2288,527000000000
2289,527250000000
2290,527500000000
2291,527750000000
2292,528000000000
2293,528250000000
2294,528500000000
2295,528750000000
2296,529000000000
2297,529250000000
2298,529500000000
2299,529750000000
2300,530000000000
2301,530250000000
2302,530500000000
2303,530750000000
2304,531000000000
2305,531250000000
2306,531500000000
2307,531750000000
2308,532000000000
2309,532250000000
2310,532500000000
2311,532750000000
2312,533000000000
2313,533250000000
2314,533500000000
2315,533750000000
2316,534000000000
2317,534250000000
2318,534500000000
2319,534750000000
2320,535000000000
2321,535250000000
2322,535500000000
2323,535750000000
2324,536000000000
2325,536250000000
2326,536500000000
2327,536750000000
2328,537000000000
2329,537250000000
2330,537500000000
2331,537750000000
2332,538000000000
2333,538250000000
2334,538500000000
2335,538750000000
2336,539000000000
2337,539250000000
2338,539500000000
2339,539750000000
2340,540000000000
2341,540250000000
2342,540500000000
2343,540750000000
2344,541000000000
2345,541250000000
2346,541500000000
2347,541750000000
2348,542000000000
2349,542250000000
2350,542500000000
2351,542750000000
2352,543000000000
2353,543250000000
2354,543500000000
2355,543750000000
2356,544000000000
2357,544250000000
2358,544500000000
2359,544750000000
2360,545000000000
2361,545250000000
2362,545500000000
2363,545750000000
2364,546000000000
2365,546250000000
2366,546500000000
2367,546750000000
2368,547000000000
2369,547250000000
2370,547500000000
2371,547750000000
2372,548000000000
2373,548250000000
2374,548500000000
2375,548750000000
2376,549000000000
2377,549250000000
2378,549500000000
2379,549750000000
2380,550000000000
2381,550250000000
2382,550500000000
2383,550750000000
2384,551000000000
2385,551250000000
2386,551500000000
2387,551750000000
2388,552000000000
2389,552250000000
2390,552500000000
2391,552750000000
2392,553000000000
2393,553250000000
2394,553500000000
2395,553750000000
2396,554000000000
2397,554250000000
2398,554500000000
2399,554750000000
2400,555000000000
2401,555250000000
2402,555500000000
2403,555750000000
2404,556000000000
2405,556250000000
2406,556500000000
2407,556750000000
2408,557000000000
2409,557250000000
2410,557500000000
2411,557750000000
2412,558000000000
2413,558250000000
2414,558500000000
2415,558750000000
2416,559000000000
2417,559250000000
2418,559500000000
2419,559750000000
2420,560000000000
2421,560250000000
2422,560500000000
2423,560750000000
2424,561000000000
2425,561250000000
2426,561500000000
2427,561750000000
2428,562000000000
2429,562250000000
2430,562500000000
2431,562750000000
2432,563000000000
2433,563250000000
2434,563500000000
2435,563750000000
2436,564000000000
2437,564250000000
2438,564500000000
2439,564750000000
2440,565000000000
2441,565250000000
2442,565500000000
2443,565750000000
2444,566000000000
2445,566250000000
2446,566500000000
2447,566750000000
2448,567000000000
2449,567250000000
2450,567500000000
2451,567750000000
2452,568000000000
2453,568250000000
2454,568500000000
2455,568750000000
2456,569000000000
2457,569250000000
2458,569500000000
2459,569750000000
2460,570000000000
2461,570250000000
2462,570500000000
2463,570750000000
2464,571000000000
2465,571250000000
2466,571500000000
2467,571750000000
2468,572000000000
2469,572250000000
2470,572500000000
2471,572750000000
2472,573000000000
2473,573250000000
2474,573500000000
2475,573750000000
2476,574000000000
2477,574250000000
2478,574500000000
2479,574750000000
2480,575000000000
2481,575250000000
2482,575500000000
2483,575750000000
2484,576000000000
2485,576250000000
2486,576500000000
2487,576750000000
2488,577000000000
2489,577250000000
2490,577500000000
2491,577750000000
2492,578000000000
2493,578250000000
2494,578500000000
2495,578750000000
2496,579000000000
2497,579250000000
2498,579500000000
2499,579750000000
2500,580000000000
2501,580250000000
2502,580500000000
2503,580750000000
2504,581000000000
2505,581250000000
2506,581500000000
2507,581750000000
2508,582000000000
2509,582250000000
2510,582500000000
2511,582750000000
2512,583000000000
2513,583250000000
2514,583500000000
2515,583750000000
2516,584000000000
2517,584250000000
2518,584500000000
2519,584750000000
2520,585000000000
2521,585250000000
2522,585500000000
2523,585750000000
2524,586000000000
2525,586250000000
2526,586500000000
2527,586750000000
2528,587000000000
2529,587250000000
2530,587500000000
2531,587750000000
2532,588000000000
2533,588250000000
2534,588500000000
2535,588750000000
2536,589000000000
2537,589250000000
2538,589500000000
2539,589750000000
2540,590000000000
2541,590250000000
2542,590500000000
2543,590750000000
2544,591000000000
2545,591250000000
2546,591500000000
2547,591750000000
2548,592000000000
2549,592250000000
2550,592500000000
2551,592750000000
2552,593000000000
2553,593250000000
2554,593500000000
2555,593750000000
2556,594000000000
2557,594250000000
2558,594500000000
2559,594750000000
2560,595000000000
2561,595250000000
2562,595500000000
2563,595750000000
2564,596000000000
2565,596250000000
2566,596500000000
2567,596750000000
2568,597000000000
2569,597250000000
2570,597500000000
2571,597750000000
2572,598000000000
2573,598250000000
2574,598500000000
2575,598750000000
2576,599000000000
2577,599250000000
2578,599500000000
2579,599750000000
2580,600000000000
2581,600250000000
2582,600500000000
2583,600750000000
2584,601000000000
2585,601250000000
2586,601500000000
2587,601750000000
2588,602000000000
2589,602250000000
2590,602500000000
2591,602750000000
2592,603000000000
2593,603250000000
2594,603500000000
2595,603750000000
2596,604000000000
2597,604250000000
2598,604500000000
2599,604750000000
2600,605000000000
2601,605250000000
2602,605500000000
2603,605750000000
2604,606000000000
2605,606250000000
2606,606500000000
2607,606750000000
2608,607000000000
2609,607250000000
2610,607500000000
2611,607750000000
2612,608000000000
2613,608250000000
2614,608500000000
2615,608750000000
2616,609000000000
2617,609250000000
2618,609500000000
2619,609750000000
2620,610000000000
2621,610250000000
2622,610500000000
2623,610750000000
2624,611000000000
2625,611250000000
2626,611500000000
2627,611750000000
2628,612000000000
2629,612250000000
2630,612500000000
2631,612750000000
2632,613000000000
2633,613250000000
2634,613500000000
2635,613750000000
2636,614000000000
2637,614250000000
2638,614500000000
2639,614750000000
2640,615000000000
2641,615250000000
2642,615500000000
2643,615750000000
2644,616000000000
2645,616250000000
2646,616500000000
2647,616750000000
2648,617000000000
2649,617250000000
2650,617500000000
2651,617750000000
2652,618000000000
2653,618250000000
2654,618500000000
2655,618750000000
2656,619000000000
2657,619250000000
2658,619500000000
2659,619750000000
2660,620000000000
2661,620250000000
2662,620500000000
2663,620750000000
2664,621000000000
2665,621250000000
2666,621500000000
2667,621750000000
2668,622000000000
2669,622250000000
2670,622500000000
2671,622750000000
2672,623000000000
2673,623250000000
2674,623500000000
2675,623750000000
2676,624000000000
2677,624250000000
2678,624500000000
2679,624750000000
2680,625000000000
2681,625250000000
2682,625500000000
2683,625750000000
2684,626000000000
2685,626250000000
2686,626500000000
2687,626750000000
2688,627000000000
2689,627250000000
2690,627500000000
2691,627750000000
2692,628000000000
2693,628250000000
2694,628500000000
2695,628750000000
2696,629000000000
2697,629250000000
2698,629500000000
2699,629750000000
2700,630000000000
2701,630250000000
2702,630500000000
2703,630750000000
2704,631000000000
2705,631250000000
2706,631500000000
2707,631750000000
2708,632000000000
2709,632250000000
2710,632500000000
2711,632750000000
2712,633000000000
2713,633250000000
2714,633500000000
2715,633750000000
2716,634000000000
2717,634250000000
2718,634500000000
2719,634750000000
2720,635000000000
2721,635250000000
2722,635500000000
2723,635750000000
2724,636000000000
2725,636250000000
2726,636500000000
2727,636750000000
2728,637000000000
2729,637250000000
2730,637500000000
2731,637750000000
2732,638000000000
2733,638250000000
2734,638500000000
2735,638750000000
2736,639000000000
2737,639250000000
2738,639500000000
2739,639750000000
2740,640000000000
2741,640250000000
2742,640500000000
2743,640750000000
2744,641000000000
2745,641250000000
2746,641500000000
2747,641750000000
2748,642000000000
2749,642250000000
2750,642500000000
2751,642750000000
2752,643000000000
2753,643250000000
2754,643500000000
2755,643750000000
2756,644000000000
2757,644250000000
2758,644500000000
2759,644750000000
2760,645000000000
2761,645250000000
2762,645500000000
2763,645750000000
2764,646000000000
2765,646250000000
2766,646500000000
2767,646750000000
2768,647000000000
2769,647250000000
2770,647500000000
2771,647750000000
2772,648000000000
2773,648250000000
2774,648500000000
2775,648750000000
2776,649000000000
2777,649250000000
2778,649500000000
2779,649750000000
2780,650000000000
2781,650250000000
2782,650500000000
2783,650750000000
2784,651000000000
2785,651250000000
2786,651500000000
2787,651750000000
2788,652000000000
2789,652250000000
2790,652500000000
2791,652750000000
2792,653000000000
2793,653250000000
2794,653500000000
2795,653750000000
2796,654000000000
2797,654250000000
2798,654500000000
2799,654750000000
2800,655000000000
2801,655250000000
2802,655500000000
2803,655750000000
2804,656000000000
2805,656250000000
2806,656500000000
2807,656750000000
2808,657000000000
2809,657250000000
2810,657500000000
2811,657750000000
2812,658000000000
2813,658250000000
2814,658500000000
2815,658750000000
2816,659000000000
2817,659250000000
2818,659500000000
2819,659750000000
2820,660000000000
2821,660250000000
2822,660500000000
2823,660750000000
2824,661000000000
2825,661250000000
2826,661500000000
2827,661750000000
2828,662000000000
2829,662250000000
2830,662500000000
2831,662750000000
2832,663000000000
2833,663250000000
2834,663500000000
2835,663750000000
2836,664000000000
2837,664250000000
2838,664500000000
2839,664750000000
2840,665000000000
2841,665250000000
2842,665500000000
2843,665750000000
2844,666000000000
2845,666250000000
2846,666500000000
2847,666750000000
2848,667000000000
2849,667250000000
2850,667500000000
2851,667750000000
2852,668000000000
2853,668250000000
2854,668500000000
2855,668750000000
2856,669000000000
2857,669250000000
2858,669500000000
2859,669750000000
2860,670000000000
2861,670250000000
2862,670500000000
2863,670750000000
2864,671000000000
2865,671250000000
2866,671500000000
2867,671750000000
2868,672000000000
2869,672250000000
2870,672500000000
2871,672750000000
2872,673000000000
2873,673250000000
2874,673500000000
2875,673750000000
2876,674000000000
2877,674250000000
2878,674500000000
2879,674750000000
2880,675000000000
2881,675250000000
2882,675500000000
2883,675750000000
2884,676000000000
2885,676250000000
2886,676500000000
2887,676750000000
2888,677000000000
2889,677250000000
2890,677500000000
2891,677750000000
2892,678000000000
2893,678250000000
2894,678500000000
2895,678750000000
2896,679000000000
2897,679250000000
2898,679500000000
2899,679750000000
2900,680000000000
2901,680250000000
2902,680500000000
2903,680750000000
2904,681000000000
2905,681250000000
2906,681500000000
2907,681750000000
2908,682000000000
2909,682250000000
2910,682500000000
2911,682750000000
2912,683000000000
2913,683250000000
2914,683500000000
2915,683750000000
2916,684000000000
2917,684250000000
2918,684500000000
2919,684750000000
2920,685000000000
2921,685250000000
2922,685500000000
2923,685750000000
2924,686000000000
2925,686250000000
2926,686500000000
2927,686750000000
2928,687000000000
2929,687250000000
2930,687500000000
2931,687750000000
2932,688000000000
2933,688250000000
2934,688500000000
2935,688750000000
2936,689000000000
2937,689250000000
2938,689500000000
2939,689750000000
2940,690000000000
2941,690250000000
2942,690500000000
2943,690750000000
2944,691000000000
2945,691250000000
2946,691500000000
2947,691750000000
2948,692000000000
2949,692250000000
2950,692500000000
2951,692750000000
2952,693000000000
2953,693250000000
2954,693500000000
2955,693750000000
2956,694000000000
2957,694250000000
2958,694500000000
2959,694750000000
2960,695000000000
2961,695250000000
2962,695500000000
2963,695750000000
2964,696000000000
2965,696250000000
2966,696500000000
2967,696750000000
2968,697000000000
2969,697250000000
2970,697500000000
2971,697750000000
2972,698000000000
2973,698250000000
2974,698500000000
2975,698750000000
2976,699000000000
2977,699250000000
2978,699500000000
2979,699750000000
2980,700000000000
2981,700250000000
2982,700500000000
2983,700750000000
2984,701000000000
2985,701250000000
2986,701500000000
2987,701750000000
2988,702000000000
2989,702250000000
2990,702500000000
2991,702750000000
2992,703000000000
2993,703250000000
2994,703500000000
2995,703750000000
2996,704000000000
2997,704250000000
2998,704500000000
2999,704750000000
3000,705000000000
3001,705250000000
3002,705500000000
3003,705750000000
3004,706000000000
3005,706250000000
3006,706500000000
3007,706750000000
3008,707000000000
3009,707250000000
3010,707500000000
3011,707750000000
3012,708000000000
3013,708250000000
3014,708500000000
3015,708750000000
3016,709000000000
3017,709250000000
3018,709500000000
3019,709750000000
3020,710000000000
3021,710250000000
3022,710500000000
3023,710750000000
3024,711000000000
3025,711250000000
3026,711500000000
3027,711750000000
3028,712000000000
3029,712250000000
3030,712500000000
3031,712750000000
3032,713000000000
3033,713250000000
3034,713500000000
3035,713750000000
3036,714000000000
3037,714250000000
3038,714500000000
3039,714750000000
3040,715000000000
3041,715250000000
3042,715500000000
3043,715750000000
3044,716000000000
3045,716250000000
3046,716500000000
3047,716750000000
3048,717000000000
3049,717250000000
3050,717500000000
3051,717750000000
3052,718000000000
3053,718250000000
3054,718500000000
3055,718750000000
3056,719000000000
3057,719250000000
3058,719500000000
3059,719750000000
3060,720000000000
3061,720250000000
3062,720500000000
3063,720750000000
3064,721000000000
3065,721250000000
3066,721500000000
3067,721750000000
3068,722000000000
3069,722250000000
3070,722500000000
3071,722750000000
3072,723000000000
3073,723250000000
3074,723500000000
3075,723750000000
3076,724000000000
3077,724250000000
3078,724500000000
3079,724750000000
3080,725000000000
3081,725250000000
3082,725500000000
3083,725750000000
3084,726000000000
3085,726250000000
3086,726500000000
3087,726750000000
3088,727000000000
3089,727250000000
3090,727500000000
3091,727750000000
3092,728000000000
3093,728250000000
3094,728500000000
3095,728750000000
3096,729000000000
3097,729250000000
3098,729500000000
3099,729750000000
3100,730000000000
3101,730250000000
3102,730500000000
3103,730750000000
3104,731000000000
3105,731250000000
3106,731500000000
3107,731750000000
3108,732000000000
3109,732250000000
3110,732500000000
3111,732750000000
3112,733000000000
3113,733250000000
3114,733500000000
3115,733750000000
3116,734000000000
3117,734250000000
3118,734500000000
3119,734750000000
3120,735000000000
3121,735250000000
3122,735500000000
3123,735750000000
3124,736000000000
3125,736250000000
3126,736500000000
3127,736750000000
3128,737000000000
3129,737250000000
3130,737500000000
3131,737750000000
3132,738000000000
3133,738250000000
3134,738500000000
3135,738750000000
3136,739000000000
3137,739250000000
3138,739500000000
3139,739750000000
3140,740000000000
3141,740250000000
3142,740500000000
3143,740750000000
3144,741000000000
3145,741250000000
3146,741500000000
3147,741750000000
3148,742000000000
3149,742250000000
3150,742500000000
3151,742750000000
3152,743000000000
3153,743250000000
3154,743500000000
3155,743750000000
3156,744000000000
3157,744250000000
3158,744500000000
3159,744750000000
3160,745000000000
3161,745250000000
3162,745500000000
3163,745750000000
3164,746000000000
3165,746250000000
3166,746500000000
3167,746750000000
3168,747000000000
3169,747250000000
3170,747500000000
3171,747750000000
3172,748000000000
3173,748250000000
3174,748500000000
3175,748750000000
3176,749000000000
3177,749250000000
3178,749500000000
3179,749750000000
3180,750000000000
3181,750250000000
3182,750500000000
3183,750750000000
3184,751000000000
3185,751250000000
3186,751500000000
3187,751750000000
3188,752000000000
3189,752250000000
3190,752500000000
3191,752750000000
3192,753000000000
3193,753250000000
3194,753500000000
3195,753750000000
3196,754000000000
3197,754250000000
3198,754500000000
3199,754750000000
3200,755000000000
3201,755250000000
3202,755500000000
3203,755750000000
3204,756000000000
3205,756250000000
3206,756500000000
3207,756750000000
3208,757000000000
3209,757250000000
3210,757500000000
3211,757750000000
3212,758000000000
3213,758250000000
3214,758500000000
3215,758750000000
3216,759000000000
3217,759250000000
3218,759500000000
3219,759750000000
3220,760000000000
3221,760250000000
3222,760500000000
3223,760750000000
3224,761000000000
3225,761250000000
3226,761500000000
3227,761750000000
3228,762000000000
3229,762250000000
3230,762500000000
3231,762750000000
3232,763000000000
3233,763250000000
3234,763500000000
3235,763750000000
3236,764000000000
3237,764250000000
3238,764500000000
3239,764750000000
3240,765000000000
3241,765250000000
3242,765500000000
3243,765750000000
3244,766000000000
3245,766250000000
3246,766500000000
3247,766750000000
3248,767000000000
3249,767250000000
3250,767500000000
3251,767750000000
3252,768000000000
3253,768250000000
3254,768500000000
3255,768750000000
3256,769000000000
3257,769250000000
3258,769500000000
3259,769750000000
3260,770000000000
3261,770250000000
3262,770500000000
3263,770750000000
3264,771000000000
3265,771250000000
3266,771500000000
3267,771750000000
3268,772000000000
3269,772250000000
3270,772500000000
3271,772750000000
3272,773000000000
3273,773250000000
3274,773500000000
3275,773750000000
3276,774000000000
3277,774250000000
3278,774500000000
3279,774750000000
3280,775000000000
3281,775250000000
3282,775500000000
3283,775750000000
3284,776000000000
3285,776250000000
3286,776500000000
3287,776750000000
3288,777000000000
3289,777250000000
3290,777500000000
3291,777750000000
3292,778000000000
3293,778250000000
3294,778500000000
3295,778750000000
3296,779000000000
3297,779250000000
3298,779500000000
3299,779750000000
3300,780000000000
3301,780250000000
3302,780500000000
3303,780750000000
3304,781000000000
3305,781250000000
3306,781500000000
3307,781750000000
3308,782000000000
3309,782250000000
3310,782500000000
3311,782750000000
3312,783000000000
3313,783250000000
3314,783500000000
3315,783750000000
3316,784000000000
3317,784250000000
3318,784500000000
3319,784750000000
3320,785000000000
3321,785250000000
3322,785500000000
3323,785750000000
3324,786000000000
3325,786250000000
3326,786500000000
3327,786750000000
3328,787000000000
3329,787250000000
3330,787500000000
3331,787750000000
3332,788000000000
3333,788250000000
3334,788500000000
3335,788750000000
3336,789000000000
3337,789250000000
3338,789500000000
3339,789750000000
3340,790000000000
3341,790250000000
3342,790500000000
3343,790750000000
3344,791000000000
3345,791250000000
3346,791500000000
3347,791750000000
3348,792000000000
3349,792250000000
3350,792500000000
3351,792750000000
3352,793000000000
3353,793250000000
3354,793500000000
3355,793750000000
3356,794000000000
3357,794250000000
3358,794500000000
3359,794750000000
3360,795000000000
3361,795250000000
3362,795500000000
3363,795750000000
3364,796000000000
3365,796250000000
3366,796500000000
3367,796750000000
3368,797000000000
3369,797250000000
3370,797500000000
3371,797750000000
3372,798000000000
3373,798250000000
3374,798500000000
3375,798750000000
3376,799000000000
3377,799250000000
3378,799500000000
3379,799750000000
3380,800000000000
3381,800250000000
3382,800500000000
3383,800750000000
3384,801000000000
3385,801250000000
3386,801500000000
3387,801750000000
3388,802000000000
3389,802250000000
3390,802500000000
3391,802750000000
3392,803000000000
3393,803250000000
3394,803500000000
3395,803750000000
3396,804000000000
3397,804250000000
3398,804500000000
3399,804750000000
3400,805000000000
3401,805250000000
3402,805500000000
3403,805750000000
3404,806000000000
3405,806250000000
3406,806500000000
3407,806750000000
3408,807000000000
3409,807250000000
3410,807500000000
3411,807750000000
3412,808000000000
3413,808250000000
3414,808500000000
3415,808750000000
3416,809000000000
3417,809250000000
3418,809500000000
3419,809750000000
3420,810000000000
3421,810250000000
3422,810500000000
3423,810750000000
3424,811000000000
3425,811250000000
3426,811500000000
3427,811750000000
3428,812000000000
3429,812250000000
3430,812500000000
3431,812750000000
3432,813000000000
3433,813250000000
3434,813500000000
3435,813750000000
3436,814000000000
3437,814250000000
3438,814500000000
3439,814750000000
3440,815000000000
3441,815250000000
3442,815500000000
3443,815750000000
3444,816000000000
3445,816250000000
3446,816500000000
3447,816750000000
3448,817000000000
3449,817250000000
3450,817500000000
3451,817750000000
3452,818000000000
3453,818250000000
3454,818500000000
3455,818750000000
3456,819000000000
3457,819250000000
3458,819500000000
3459,819750000000
3460,820000000000
3461,820250000000
3462,820500000000
3463,820750000000
3464,821000000000
3465,821250000000
3466,821500000000
3467,821750000000
3468,822000000000
3469,822250000000
3470,822500000000
3471,822750000000
3472,823000000000
3473,823250000000
3474,823500000000
3475,823750000000
3476,824000000000
3477,824250000000
3478,824500000000
3479,824750000000
3480,825000000000
3481,825250000000
3482,825500000000
3483,825750000000
3484,826000000000
3485,826250000000
3486,826500000000
3487,826750000000
3488,827000000000
3489,827250000000
3490,827500000000
3491,827750000000
3492,828000000000
3493,828250000000
3494,828500000000
3495,828750000000
3496,829000000000
3497,829250000000
3498,829500000000
3499,829750000000
3500,830000000000
3501,830250000000
3502,830500000000
3503,830750000000
3504,831000000000
3505,831250000000
3506,831500000000
3507,831750000000
3508,832000000000
3509,832250000000
3510,832500000000
3511,832750000000
3512,833000000000
3513,833250000000
3514,833500000000
3515,833750000000
3516,834000000000
3517,834250000000
3518,834500000000
3519,834750000000
3520,835000000000
3521,835250000000
3522,835500000000
3523,835750000000
3524,836000000000
3525,836250000000
3526,836500000000
3527,836750000000
3528,837000000000
3529,837250000000
3530,837500000000
3531,837750000000
3532,838000000000
3533,838250000000
3534,838500000000
3535,838750000000
3536,839000000000
3537,839250000000
3538,839500000000
3539,839750000000
3540,840000000000
3541,840250000000
3542,840500000000
3543,840750000000
3544,841000000000
3545,841250000000
3546,841500000000
3547,841750000000
3548,842000000000
3549,842250000000
3550,842500000000
3551,842750000000
3552,843000000000
3553,843250000000
3554,843500000000
3555,843750000000
3556,844000000000
3557,844250000000
3558,844500000000
3559,844750000000
3560,845000000000
3561,845250000000
3562,845500000000
3563,845750000000
3564,846000000000
3565,846250000000
3566,846500000000
3567,846750000000
3568,847000000000
3569,847250000000
3570,847500000000
3571,847750000000
3572,848000000000
3573,848250000000
3574,848500000000
3575,848750000000
3576,849000000000
3577,849250000000
3578,849500000000
3579,849750000000
3580,850000000000
3581,850250000000
3582,850500000000
3583,850750000000
3584,851000000000
3585,851250000000
3586,851500000000
3587,851750000000
3588,852000000000
3589,852250000000
3590,852500000000
3591,852750000000
3592,853000000000
3593,853250000000
3594,853500000000
3595,853750000000
3596,854000000000
3597,854250000000
3598,854500000000
3599,854750000000
3600,855000000000
3601,855250000000
3602,855500000000
3603,855750000000
3604,856000000000
3605,856250000000
3606,856500000000
3607,856750000000
3608,857000000000
3609,857250000000
3610,857500000000
3611,857750000000
3612,858000000000
3613,858250000000
3614,858500000000
3615,858750000000
3616,859000000000
3617,859250000000
3618,859500000000
3619,859750000000
3620,860000000000
3621,860250000000
3622,860500000000
3623,860750000000
3624,861000000000
3625,861250000000
3626,861500000000
3627,861750000000
3628,862000000000
3629,862250000000
3630,862500000000
3631,862750000000
3632,863000000000
3633,863250000000
3634,863500000000
3635,863750000000
3636,864000000000
3637,864250000000
3638,864500000000
3639,864750000000
3640,865000000000
3641,865250000000
3642,865500000000
3643,865750000000
3644,866000000000
3645,866250000000
3646,866500000000
3647,866750000000
3648,867000000000
3649,867250000000
3650,867500000000
3651,867750000000
3652,868000000000
3653,868250000000
3654,868500000000
3655,868750000000
3656,869000000000
3657,869250000000
3658,869500000000
3659,869750000000
3660,870000000000
3661,870250000000
3662,870500000000
3663,870750000000
3664,871000000000
3665,871250000000
3666,871500000000
3667,871750000000
3668,872000000000
3669,872250000000
3670,872500000000
3671,872750000000
3672,873000000000
3673,873250000000
3674,873500000000
3675,873750000000
3676,874000000000
3677,874250000000
3678,874500000000
3679,874750000000
3680,875000000000
3681,875250000000
3682,875500000000
3683,875750000000
3684,876000000000
3685,876250000000
3686,876500000000
3687,876750000000
3688,877000000000
3689,877250000000
3690,877500000000
3691,877750000000
3692,878000000000
3693,878250000000
3694,878500000000
3695,878750000000
3696,879000000000
3697,879250000000
3698,879500000000
3699,879750000000
3700,880000000000
3701,880250000000
3702,880500000000
3703,880750000000
3704,881000000000
3705,881250000000
3706,881500000000
3707,881750000000
3708,882000000000
3709,882250000000
3710,882500000000
3711,882750000000
3712,883000000000
3713,883250000000
3714,883500000000
3715,883750000000
3716,884000000000
3717,884250000000
3718,884500000000
3719,884750000000
3720,885000000000
3721,885250000000
3722,885500000000
3723,885750000000
3724,886000000000
3725,886250000000
3726,886500000000
3727,886750000000
3728,887000000000
3729,887250000000
3730,887500000000
3731,887750000000
3732,888000000000
3733,888250000000
3734,888500000000
3735,888750000000
3736,889000000000
3737,889250000000
3738,889500000000
3739,889750000000
3740,890000000000
3741,890250000000
3742,890500000000
3743,890750000000
3744,891000000000
3745,891250000000
3746,891500000000
3747,891750000000
3748,892000000000
3749,892250000000
3750,892500000000
3751,892750000000
3752,893000000000
3753,893250000000
3754,893500000000
3755,893750000000
3756,894000000000
3757,894250000000
3758,894500000000
3759,894750000000
3760,895000000000
3761,895250000000
3762,895500000000
3763,895750000000
3764,896000000000
3765,896250000000
3766,896500000000
3767,896750000000
3768,897000000000
3769,897250000000
3770,897500000000
3771,897750000000
3772,898000000000
3773,898250000000
3774,898500000000
3775,898750000000
3776,899000000000
3777,899250000000
3778,899500000000
3779,899750000000
3780,900000000000
3781,900250000000
3782,900500000000
3783,900750000000
3784,901000000000
3785,901250000000
3786,901500000000
3787,901750000000
3788,902000000000
3789,902250000000
3790,902500000000
3791,902750000000
3792,903000000000
3793,903250000000
3794,903500000000
3795,903750000000
3796,904000000000
3797,904250000000
3798,904500000000
3799,904750000000
3800,905000000000
3801,905250000000
3802,905500000000
3803,905750000000
3804,906000000000
3805,906250000000
3806,906500000000
3807,906750000000
3808,907000000000
3809,907250000000
3810,907500000000
3811,907750000000
3812,908000000000
3813,908250000000
3814,908500000000
3815,908750000000
3816,909000000000
3817,909250000000
3818,909500000000
3819,909750000000
3820,910000000000
3821,910250000000
3822,910500000000
3823,910750000000
3824,911000000000
3825,911250000000
3826,911500000000
3827,911750000000
3828,912000000000
3829,912250000000
3830,912500000000
3831,912750000000
3832,913000000000
3833,913250000000
3834,913500000000
3835,913750000000
3836,914000000000
3837,914250000000
3838,914500000000
3839,914750000000
3840,915000000000
3841,915250000000
3842,915500000000
3843,915750000000
3844,916000000000
3845,916250000000
3846,916500000000
3847,916750000000
3848,917000000000
3849,917250000000
3850,917500000000
3851,917750000000
3852,918000000000
3853,918250000000
3854,918500000000
3855,918750000000
3856,919000000000
3857,919250000000
3858,919500000000
3859,919750000000
3860,920000000000
3861,920250000000
3862,920500000000
3863,920750000000
3864,921000000000
3865,921250000000
3866,921500000000
3867,921750000000
3868,922000000000
3869,922250000000
3870,922500000000
3871,922750000000
3872,923000000000
3873,923250000000
3874,923500000000
3875,923750000000
3876,924000000000
3877,924250000000
3878,924500000000
3879,924750000000
3880,925000000000
3881,925250000000
3882,925500000000
3883,925750000000
3884,926000000000
3885,926250000000
3886,926500000000
3887,926750000000
3888,927000000000
3889,927250000000
3890,927500000000
3891,927750000000
3892,928000000000
3893,928250000000
3894,928500000000
3895,928750000000
3896,929000000000
3897,929250000000
3898,929500000000
3899,929750000000
3900,930000000000
3901,930250000000
3902,930500000000
3903,930750000000
3904,931000000000
3905,931250000000
3906,931500000000
3907,931750000000
3908,932000000000
3909,932250000000
3910,932500000000
3911,932750000000
3912,933000000000
3913,933250000000
3914,933500000000
3915,933750000000
3916,934000000000
3917,934250000000
3918,934500000000
3919,934750000000
3920,935000000000
3921,935250000000
3922,935500000000
3923,935750000000
3924,936000000000
3925,936250000000
3926,936500000000
3927,936750000000
3928,937000000000
3929,937250000000
3930,937500000000
3931,937750000000
3932,938000000000
3933,938250000000
3934,938500000000
3935,938750000000
3936,939000000000
3937,939250000000
3938,939500000000
3939,939750000000
3940,940000000000
3941,940250000000
3942,940500000000
3943,940750000000
3944,941000000000
3945,941250000000
3946,941500000000
3947,941750000000
3948,942000000000
3949,942250000000
3950,942500000000
3951,942750000000
3952,943000000000
3953,943250000000
3954,943500000000
3955,943750000000
3956,944000000000
3957,944250000000
3958,944500000000
3959,944750000000
3960,945000000000
3961,945250000000
3962,945500000000
3963,945750000000
3964,946000000000
3965,946250000000
3966,946500000000
3967,946750000000
3968,947000000000
3969,947250000000
3970,947500000000
3971,947750000000
3972,948000000000
3973,948250000000
3974,948500000000
3975,948750000000
3976,949000000000
3977,949250000000
3978,949500000000
3979,949750000000
3980,950000000000
3981,950250000000
3982,950500000000
3983,950750000000
3984,951000000000
3985,951250000000
3986,951500000000
3987,951750000000
3988,952000000000
3989,952250000000
3990,952500000000
3991,952750000000
3992,953000000000
3993,953250000000
3994,953500000000
3995,953750000000
3996,954000000000
3997,954250000000
3998,954500000000
3999,954750000000
4000,955000000000
4001,955250000000
4002,955500000000
4003,955750000000
4004,956000000000
4005,956250000000
4006,956500000000
4007,956750000000
4008,957000000000
4009,957250000000
4010,957500000000
4011,957750000000
4012,958000000000
4013,958250000000
4014,958500000000
4015,958750000000
4016,959000000000
4017,959250000000
4018,959500000000
4019,959750000000
4020,960000000000
4021,960250000000
4022,960500000000
4023,960750000000
4024,961000000000
4025,961250000000
4026,961500000000
4027,961750000000
4028,962000000000
4029,962250000000
4030,962500000000
4031,962750000000
4032,963000000000
4033,963250000000
4034,963500000000
4035,963750000000
4036,964000000000
4037,964250000000
4038,964500000000
4039,964750000000
4040,965000000000
4041,965250000000
4042,965500000000
4043,965750000000
4044,966000000000
4045,966250000000
4046,966500000000
4047,966750000000
4048,967000000000
4049,967250000000
4050,967500000000
4051,967750000000
4052,968000000000
4053,968250000000
4054,968500000000
4055,968750000000
4056,969000000000
4057,969250000000
4058,969500000000
4059,969750000000
4060,970000000000
4061,970250000000
4062,970500000000
4063,970750000000
4064,971000000000
4065,971250000000
4066,971500000000
4067,971750000000
4068,972000000000
4069,972250000000
4070,972500000000
4071,972750000000
4072,973000000000
4073,973250000000
4074,973500000000
4075,973750000000
4076,974000000000
4077,974250000000
4078,974500000000
4079,974750000000
4080,975000000000
4081,975250000000
4082,975500000000
4083,975750000000
4084,976000000000
4085,976250000000
4086,976500000000
4087,976750000000
4088,977000000000
4089,977250000000
4090,977500000000
4091,977750000000
4092,978000000000
4093,978250000000
4094,978500000000
4095,978750000000
4096,979000000000
4097,979250000000
4098,979500000000
4099,979750000000
4100,980000000000
4101,980250000000
4102,980500000000
4103,980750000000
4104,981000000000
4105,981250000000
4106,981500000000
4107,981750000000
4108,982000000000
4109,982250000000
4110,982500000000
4111,982750000000
4112,983000000000
4113,983250000000
4114,983500000000
4115,983750000000
4116,984000000000
4117,984250000000
4118,984500000000
4119,984750000000
4120,985000000000
4121,985250000000
4122,985500000000
4123,985750000000
4124,986000000000
4125,986250000000
4126,986500000000
4127,986750000000
4128,987000000000
4129,987250000000
4130,987500000000
4131,987750000000
4132,988000000000
4133,988250000000
4134,988500000000
4135,988750000000
4136,989000000000
4137,989250000000
4138,989500000000
4139,989750000000
4140,990000000000
4141,990250000000
4142,990500000000
4143,990750000000
4144,991000000000
4145,991250000000
4146,991500000000
4147,991750000000
4148,992000000000
4149,992250000000
4150,992500000000
4151,992750000000
4152,993000000000
4153,993250000000
4154,993500000000
4155,993750000000
4156,994000000000
4157,994250000000
4158,994500000000
4159,994750000000
4160,995000000000
4161,995250000000
4162,995500000000
4163,995750000000
4164,996000000000
4165,996250000000
4166,996500000000
4167,996750000000
4168,997000000000
4169,997250000000
4170,997500000000
4171,997750000000
4172,998000000000
4173,998250000000
4174,998500000000
4175,998750000000
4176,999000000000
4177,999250000000
4178,999500000000
4179,999750000000
4180,1000000000000
4181,1000250000000
4182,1000500000000
4183,1000750000000
4184,1001000000000
4185,1001250000000
4186,1001500000000
4187,1001750000000
4188,1002000000000
4189,1002250000000
4190,1002500000000
4191,1002750000000
4192,1003000000000
4193,1003250000000
4194,1003500000000
4195,1003750000000
4196,1004000000000
4197,1004250000000
4198,1004500000000
4199,1004750000000
4200,1005000000000
4201,1005250000000
4202,1005500000000
4203,1005750000000
4204,1006000000000
4205,1006250000000
4206,1006500000000
4207,1006750000000
4208,1007000000000
4209,1007250000000
4210,1007500000000
4211,1007750000000
4212,1008000000000
4213,1008250000000
4214,1008500000000
4215,1008750000000
4216,1009000000000
4217,1009250000000
4218,1009500000000
4219,1009750000000
4220,1010000000000
4221,1010250000000
4222,1010500000000
4223,1010750000000
4224,1011000000000
4225,1011250000000
4226,1011500000000
4227,1011750000000
4228,1012000000000
4229,1012250000000
4230,1012500000000
4231,1012750000000
4232,1013000000000
4233,1013250000000
4234,1013500000000
4235,1013750000000
4236,1014000000000
4237,1014250000000
4238,1014500000000
4239,1014750000000
4240,1015000000000
4241,1015250000000
4242,1015500000000
4243,1015750000000
4244,1016000000000
4245,1016250000000
4246,1016500000000
4247,1016750000000
4248,1017000000000
4249,1017250000000
4250,1017500000000
4251,1017750000000
4252,1018000000000
4253,1018250000000
4254,1018500000000
4255,1018750000000
4256,1019000000000
4257,1019250000000
4258,1019500000000
4259,1019750000000
4260,1020000000000
4261,1020250000000
4262,1020500000000
4263,1020750000000
4264,1021000000000
4265,1021250000000
4266,1021500000000
4267,1021750000000
4268,1022000000000
4269,1022250000000
4270,1022500000000
4271,1022750000000
4272,1023000000000
4273,1023250000000
4274,1023500000000
4275,1023750000000
4276,1024000000000
4277,1024250000000
4278,1024500000000
4279,1024750000000
4280,1025000000000
4281,1025250000000
4282,1025500000000
4283,1025750000000
4284,1026000000000
4285,1026250000000
4286,1026500000000
4287,1026750000000
4288,1027000000000
4289,1027250000000
4290,1027500000000
4291,1027750000000
4292,1028000000000
4293,1028250000000
4294,1028500000000
4295,1028750000000
4296,1029000000000
4297,1029250000000
4298,1029500000000
4299,1029750000000
4300,1030000000000
4301,1030250000000
4302,1030500000000
4303,1030750000000
4304,1031000000000
4305,1031250000000
4306,1031500000000
4307,1031750000000
4308,1032000000000
4309,1032250000000
4310,1032500000000
4311,1032750000000
4312,1033000000000
4313,1033250000000
4314,1033500000000
4315,1033750000000
4316,1034000000000
4317,1034250000000
4318,1034500000000
4319,1034750000000
4320,1035000000000
4321,1035250000000
4322,1035500000000
4323,1035750000000
4324,1036000000000
4325,1036250000000
4326,1036500000000
4327,1036750000000
4328,1037000000000
4329,1037250000000
4330,1037500000000
4331,1037750000000
4332,1038000000000
4333,1038250000000
4334,1038500000000
4335,1038750000000
4336,1039000000000
4337,1039250000000
4338,1039500000000
4339,1039750000000
4340,1040000000000
4341,1040250000000
4342,1040500000000
4343,1040750000000
4344,1041000000000
4345,1041250000000
4346,1041500000000
4347,1041750000000
4348,1042000000000
4349,1042250000000
4350,1042500000000
4351,1042750000000
4352,1043000000000
4353,1043250000000
4354,1043500000000
4355,1043750000000
4356,1044000000000
4357,1044250000000
4358,1044500000000
4359,1044750000000
4360,1045000000000
4361,1045250000000
4362,1045500000000
4363,1045750000000
4364,1046000000000
4365,1046250000000
4366,1046500000000
4367,1046750000000
4368,1047000000000
4369,1047250000000
4370,1047500000000
4371,1047750000000
4372,1048000000000
4373,1048250000000
4374,1048500000000
4375,1048750000000
4376,1049000000000
4377,1049250000000
4378,1049500000000
4379,1049750000000
4380,1050000000000
4381,1050250000000
4382,1050500000000
4383,1050750000000
4384,1051000000000
4385,1051250000000
4386,1051500000000
4387,1051750000000
4388,1052000000000
4389,1052250000000
4390,1052500000000
4391,1052750000000
4392,1053000000000
4393,1053250000000
4394,1053500000000
4395,1053750000000
4396,1054000000000
4397,1054250000000
4398,1054500000000
4399,1054750000000
4400,1055000000000
4401,1055250000000
4402,1055500000000
4403,1055750000000
4404,1056000000000
4405,1056250000000
4406,1056500000000
4407,1056750000000
4408,1057000000000
4409,1057250000000
4410,1057500000000
4411,1057750000000
4412,1058000000000
4413,1058250000000
4414,1058500000000
4415,1058750000000
4416,1059000000000
4417,1059250000000
4418,1059500000000
4419,1059750000000
4420,1060000000000
4421,1060250000000
4422,1060500000000
4423,1060750000000
4424,1061000000000
4425,1061250000000
4426,1061500000000
4427,1061750000000
4428,1062000000000
4429,1062250000000
4430,1062500000000
4431,1062750000000
4432,1063000000000
4433,1063250000000
4434,1063500000000
4435,1063750000000
4436,1064000000000
4437,1064250000000
4438,1064500000000
4439,1064750000000
4440,1065000000000
4441,1065250000000
4442,1065500000000
4443,1065750000000
4444,1066000000000
4445,1066250000000
4446,1066500000000
4447,1066750000000
4448,1067000000000
4449,1067250000000
4450,1067500000000
4451,1067750000000
4452,1068000000000
4453,1068250000000
4454,1068500000000
4455,1068750000000
4456,1069000000000
4457,1069250000000
4458,1069500000000
4459,1069750000000
4460,1070000000000
4461,1070250000000
4462,1070500000000
4463,1070750000000
4464,1071000000000
4465,1071250000000
4466,1071500000000
4467,1071750000000
4468,1072000000000
4469,1072250000000
4470,1072500000000
4471,1072750000000
4472,1073000000000
4473,1073250000000
4474,1073500000000
4475,1073750000000
4476,1074000000000
4477,1074250000000
4478,1074500000000
4479,1074750000000
4480,1075000000000
4481,1075250000000
4482,1075500000000
4483,1075750000000
4484,1076000000000
4485,1076250000000
4486,1076500000000
4487,1076750000000
4488,1077000000000
4489,1077250000000
4490,1077500000000
4491,1077750000000
4492,1078000000000
4493,1078250000000
4494,1078500000000
4495,1078750000000
4496,1079000000000
4497,1079250000000
4498,1079500000000
4499,1079750000000
4500,1080000000000
4501,1080250000000
4502,1080500000000
4503,1080750000000
4504,1081000000000
4505,1081250000000
4506,1081500000000
4507,1081750000000
4508,1082000000000
4509,1082250000000
4510,1082500000000
4511,1082750000000
4512,1083000000000
4513,1083250000000
4514,1083500000000
4515,1083750000000
4516,1084000000000
4517,1084250000000
4518,1084500000000
4519,1084750000000
4520,1085000000000
4521,1085250000000
4522,1085500000000
4523,1085750000000
4524,1086000000000
4525,1086250000000
4526,1086500000000
4527,1086750000000
4528,1087000000000
4529,1087250000000
4530,1087500000000
4531,1087750000000
4532,1088000000000
4533,1088250000000
4534,1088500000000
4535,1088750000000
4536,1089000000000
4537,1089250000000
4538,1089500000000
4539,1089750000000
4540,1090000000000
4541,1090250000000
4542,1090500000000
4543,1090750000000
4544,1091000000000
4545,1091250000000
4546,1091500000000
4547,1091750000000
4548,1092000000000
4549,1092250000000
4550,1092500000000
4551,1092750000000
4552,1093000000000
4553,1093250000000
4554,1093500000000
4555,1093750000000
4556,1094000000000
4557,1094250000000
4558,1094500000000
4559,1094750000000
4560,1095000000000
4561,1095250000000
4562,1095500000000
4563,1095750000000
4564,1096000000000
4565,1096250000000
4566,1096500000000
4567,1096750000000
4568,1097000000000
4569,1097250000000
4570,1097500000000
4571,1097750000000
4572,1098000000000
4573,1098250000000
4574,1098500000000
4575,1098750000000
4576,1099000000000
4577,1099250000000
4578,1099500000000
4579,1099750000000
4580,1100000000000
4581,1100250000000
4582,1100500000000
4583,1100750000000
4584,1101000000000
4585,1101250000000
4586,1101500000000
4587,1101750000000
4588,1102000000000
4589,1102250000000
4590,1102500000000
4591,1102750000000
4592,1103000000000
4593,1103250000000
4594,1103500000000
4595,1103750000000
4596,1104000000000
4597,1104250000000
4598,1104500000000
4599,1104750000000
4600,1105000000000
4601,1105250000000
4602,1105500000000
4603,1105750000000
4604,1106000000000
4605,1106250000000
4606,1106500000000
4607,1106750000000
4608,1107000000000
4609,1107250000000
4610,1107500000000
4611,1107750000000
4612,1108000000000
4613,1108250000000
4614,1108500000000
4615,1108750000000
4616,1109000000000
4617,1109250000000
4618,1109500000000
4619,1109750000000
4620,1110000000000
4621,1110250000000
4622,1110500000000
4623,1110750000000
4624,1111000000000
4625,1111250000000
4626,1111500000000
4627,1111750000000
4628,1112000000000
4629,1112250000000
4630,1112500000000
4631,1112750000000
4632,1113000000000
4633,1113250000000
4634,1113500000000
4635,1113750000000
4636,1114000000000
4637,1114250000000
4638,1114500000000
4639,1114750000000
4640,1115000000000
4641,1115250000000
4642,1115500000000
4643,1115750000000
4644,1116000000000
4645,1116250000000
4646,1116500000000
4647,1116750000000
4648,1117000000000
4649,1117250000000
4650,1117500000000
4651,1117750000000
4652,1118000000000
4653,1118250000000
4654,1118500000000
4655,1118750000000
4656,1119000000000
4657,1119250000000
4658,1119500000000
4659,1119750000000
4660,1120000000000
4661,1120250000000
4662,1120500000000
4663,1120750000000
4664,1121000000000
4665,1121250000000
4666,1121500000000
4667,1121750000000
4668,1122000000000
4669,1122250000000
4670,1122500000000
4671,1122750000000
4672,1123000000000
4673,1123250000000
4674,1123500000000
4675,1123750000000
4676,1124000000000
4677,1124250000000
4678,1124500000000
4679,1124750000000
4680,1125000000000
4681,1125250000000
4682,1125500000000
4683,1125750000000
4684,1126000000000
4685,1126250000000
4686,1126500000000
4687,1126750000000
4688,1127000000000
4689,1127250000000
4690,1127500000000
4691,1127750000000
4692,1128000000000
4693,1128250000000
4694,1128500000000
4695,1128750000000
4696,1129000000000
4697,1129250000000
4698,1129500000000
4699,1129750000000
4700,1130000000000
4701,1130250000000
4702,1130500000000
4703,1130750000000
4704,1131000000000
4705,1131250000000
4706,1131500000000
4707,1131750000000
4708,1132000000000
4709,1132250000000
4710,1132500000000
4711,1132750000000
4712,1133000000000
4713,1133250000000
4714,1133500000000
4715,1133750000000
4716,1134000000000
4717,1134250000000
4718,1134500000000
4719,1134750000000
4720,1135000000000
4721,1135250000000
4722,1135500000000
4723,1135750000000
4724,1136000000000
4725,1136250000000
4726,1136500000000
4727,1136750000000
4728,1137000000000
4729,1137250000000
4730,1137500000000
4731,1137750000000
4732,1138000000000
4733,1138250000000
4734,1138500000000
4735,1138750000000
4736,1139000000000
4737,1139250000000
4738,1139500000000
4739,1139750000000
4740,1140000000000
4741,1140250000000
4742,1140500000000
4743,1140750000000
4744,1141000000000
4745,1141250000000
4746,1141500000000
4747,1141750000000
4748,1142000000000
4749,1142250000000
4750,1142500000000
4751,1142750000000
4752,1143000000000
4753,1143250000000
4754,1143500000000
4755,1143750000000
4756,1144000000000
4757,1144250000000
4758,1144500000000
4759,1144750000000
4760,1145000000000
4761,1145250000000
4762,1145500000000
4763,1145750000000
4764,1146000000000
4765,1146250000000
4766,1146500000000
4767,1146750000000
4768,1147000000000
4769,1147250000000
4770,1147500000000
4771,1147750000000
4772,1148000000000
4773,1148250000000
4774,1148500000000
4775,1148750000000
4776,1149000000000
4777,1149250000000
4778,1149500000000
4779,1149750000000
4780,1150000000000
4781,1150250000000
4782,1150500000000
4783,1150750000000
4784,1151000000000
4785,1151250000000
4786,1151500000000
4787,1151750000000
4788,1152000000000
4789,1152250000000
4790,1152500000000
4791,1152750000000
4792,1153000000000
4793,1153250000000
4794,1153500000000
4795,1153750000000
4796,1154000000000
4797,1154250000000
4798,1154500000000
4799,1154750000000
4800,1155000000000
4801,1155250000000
4802,1155500000000
4803,1155750000000
4804,1156000000000
4805,1156250000000
4806,1156500000000
4807,1156750000000
4808,1157000000000
4809,1157250000000
4810,1157500000000
4811,1157750000000
4812,1158000000000
4813,1158250000000
4814,1158500000000
4815,1158750000000
4816,1159000000000
4817,1159250000000
4818,1159500000000
4819,1159750000000
4820,1160000000000
4821,1160250000000
4822,1160500000000
4823,1160750000000
4824,1161000000000
4825,1161250000000
4826,1161500000000
4827,1161750000000
4828,1162000000000
4829,1162250000000
4830,1162500000000
4831,1162750000000
4832,1163000000000
4833,1163250000000
4834,1163500000000
4835,1163750000000
4836,1164000000000
4837,1164250000000
4838,1164500000000
4839,1164750000000
4840,1165000000000
4841,1165250000000
4842,1165500000000
4843,1165750000000
4844,1166000000000
4845,1166250000000
4846,1166500000000
4847,1166750000000
4848,1167000000000
4849,1167250000000
4850,1167500000000
4851,1167750000000
4852,1168000000000
4853,1168250000000
4854,1168500000000
4855,1168750000000
4856,1169000000000
4857,1169250000000
4858,1169500000000
4859,1169750000000
4860,1170000000000
4861,1170250000000
4862,1170500000000
4863,1170750000000
4864,1171000000000
4865,1171250000000
4866,1171500000000
4867,1171750000000
4868,1172000000000
4869,1172250000000
4870,1172500000000
4871,1172750000000
4872,1173000000000
4873,1173250000000
4874,1173500000000
4875,1173750000000
4876,1174000000000
4877,1174250000000
4878,1174500000000
4879,1174750000000
4880,1175000000000
4881,1175250000000
4882,1175500000000
4883,1175750000000
4884,1176000000000
4885,1176250000000
4886,1176500000000
4887,1176750000000
4888,1177000000000
4889,1177250000000
4890,1177500000000
4891,1177750000000
4892,1178000000000
4893,1178250000000
4894,1178500000000
4895,1178750000000
4896,1179000000000
4897,1179250000000
4898,1179500000000
4899,1179750000000
4900,1180000000000
4901,1180250000000
4902,1180500000000
4903,1180750000000
4904,1181000000000
4905,1181250000000
4906,1181500000000
4907,1181750000000
4908,1182000000000
4909,1182250000000
4910,1182500000000
4911,1182750000000
4912,1183000000000
4913,1183250000000
4914,1183500000000
4915,1183750000000
4916,1184000000000
4917,1184250000000
4918,1184500000000
4919,1184750000000
4920,1185000000000
4921,1185250000000
4922,1185500000000
4923,1185750000000
4924,1186000000000
4925,1186250000000
4926,1186500000000
4927,1186750000000
4928,1187000000000
4929,1187250000000
4930,1187500000000
4931,1187750000000
4932,1188000000000
4933,1188250000000
4934,1188500000000
4935,1188750000000
4936,1189000000000
4937,1189250000000
4938,1189500000000
4939,1189750000000
4940,1190000000000
4941,1190250000000
4942,1190500000000
4943,1190750000000
4944,1191000000000
4945,1191250000000
4946,1191500000000
4947,1191750000000
4948,1192000000000
4949,1192250000000
4950,1192500000000
4951,1192750000000
4952,1193000000000
4953,1193250000000
4954,1193500000000
4955,1193750000000
4956,1194000000000
4957,1194250000000
4958,1194500000000
4959,1194750000000
4960,1195000000000
4961,1195250000000
4962,1195500000000
4963,1195750000000
4964,1196000000000
4965,1196250000000
4966,1196500000000
4967,1196750000000
4968,1197000000000
4969,1197250000000
4970,1197500000000
4971,1197750000000
4972,1198000000000
4973,1198250000000
4974,1198500000000
4975,1198750000000
4976,1199000000000
4977,1199250000000
4978,1199500000000
4979,1199750000000
4980,1200000000000
4981,1200250000000
4982,1200500000000
4983,1200750000000
4984,1201000000000
4985,1201250000000
4986,1201500000000
4987,1201750000000
4988,1202000000000
4989,1202250000000
4990,1202500000000
4991,1202750000000
4992,1203000000000
4993,1203250000000
4994,1203500000000
4995,1203750000000
4996,1204000000000
4997,1204250000000
4998,1204500000000
4999,1204750000000
5000,1205000000000
5001,1205250000000
5002,1205500000000
5003,1205750000000
5004,1206000000000
5005,1206250000000
5006,1206500000000
5007,1206750000000
5008,1207000000000
5009,1207250000000
5010,1207500000000
5011,1207750000000
5012,1208000000000
5013,1208250000000
5014,1208500000000
5015,1208750000000
5016,1209000000000
5017,1209250000000
5018,1209500000000
5019,1209750000000
5020,1210000000000
5021,1210250000000
5022,1210500000000
5023,1210750000000
5024,1211000000000
5025,1211250000000
5026,1211500000000
5027,1211750000000
5028,1212000000000
5029,1212250000000
5030,1212500000000
5031,1212750000000
5032,1213000000000
5033,1213250000000
5034,1213500000000
5035,1213750000000
5036,1214000000000
5037,1214250000000
5038,1214500000000
5039,1214750000000
5040,1215000000000
5041,1215250000000
5042,1215500000000
5043,1215750000000
5044,1216000000000
5045,1216250000000
5046,1216500000000
5047,1216750000000
5048,1217000000000
5049,1217250000000
5050,1217500000000
5051,1217750000000
5052,1218000000000
5053,1218250000000
5054,1218500000000
5055,1218750000000
5056,1219000000000
5057,1219250000000
5058,1219500000000
5059,1219750000000
5060,1220000000000
5061,1220250000000
5062,1220500000000
5063,1220750000000
5064,1221000000000
5065,1221250000000
5066,1221500000000
5067,1221750000000
5068,1222000000000
5069,1222250000000
5070,1222500000000
5071,1222750000000
5072,1223000000000
5073,1223250000000
5074,1223500000000
5075,1223750000000
5076,1224000000000
5077,1224250000000
5078,1224500000000
5079,1224750000000
5080,1225000000000
5081,1225250000000
5082,1225500000000
5083,1225750000000
5084,1226000000000
5085,1226250000000
5086,1226500000000
5087,1226750000000
5088,1227000000000
5089,1227250000000
5090,1227500000000
5091,1227750000000
5092,1228000000000
5093,1228250000000
5094,1228500000000
5095,1228750000000
5096,1229000000000
5097,1229250000000
5098,1229500000000
5099,1229750000000
5100,1230000000000
5101,1230250000000
5102,1230500000000
5103,1230750000000
5104,1231000000000
5105,1231250000000
5106,1231500000000
5107,1231750000000
5108,1232000000000
5109,1232250000000
5110,1232500000000
5111,1232750000000
5112,1233000000000
5113,1233250000000
5114,1233500000000
5115,1233750000000
5116,1234000000000
5117,1234250000000
5118,1234500000000
5119,1234750000000
5120,1235000000000
5121,1235250000000
5122,1235500000000
5123,1235750000000
5124,1236000000000
5125,1236250000000
5126,1236500000000
5127,1236750000000
5128,1237000000000
5129,1237250000000
5130,1237500000000
5131,1237750000000
5132,1238000000000
5133,1238250000000
5134,1238500000000
5135,1238750000000
5136,1239000000000
5137,1239250000000
5138,1239500000000
5139,1239750000000
5140,1240000000000
5141,1240250000000
5142,1240500000000
5143,1240750000000
5144,1241000000000
5145,1241250000000
5146,1241500000000
5147,1241750000000
5148,1242000000000
5149,1242250000000
5150,1242500000000
5151,1242750000000
5152,1243000000000
5153,1243250000000
5154,1243500000000
5155,1243750000000
5156,1244000000000
5157,1244250000000
5158,1244500000000
5159,1244750000000
5160,1245000000000
5161,1245250000000
5162,1245500000000
5163,1245750000000
5164,1246000000000
5165,1246250000000
5166,1246500000000
5167,1246750000000
5168,1247000000000
5169,1247250000000
5170,1247500000000
5171,1247750000000
5172,1248000000000
5173,1248250000000
5174,1248500000000
5175,1248750000000
5176,1249000000000
5177,1249250000000
5178,1249500000000
5179,1249750000000
5180,1250000000000
5181,1250250000000
5182,1250500000000
5183,1250750000000
5184,1251000000000
5185,1251250000000
5186,1251500000000
5187,1251750000000
5188,1252000000000
5189,1252250000000
5190,1252500000000
5191,1252750000000
5192,1253000000000
5193,1253250000000
5194,1253500000000
5195,1253750000000
5196,1254000000000
5197,1254250000000
5198,1254500000000
5199,1254750000000
5200,1255000000000
5201,1255250000000
5202,1255500000000
5203,1255750000000
5204,1256000000000
5205,1256250000000
5206,1256500000000
5207,1256750000000
5208,1257000000000
5209,1257250000000
5210,1257500000000
5211,1257750000000
5212,1258000000000
5213,1258250000000
5214,1258500000000
5215,1258750000000
5216,1259000000000
5217,1259250000000
5218,1259500000000
5219,1259750000000
5220,1260000000000
5221,1260250000000
5222,1260500000000
5223,1260750000000
5224,1261000000000
5225,1261250000000
5226,1261500000000
5227,1261750000000
5228,1262000000000
5229,1262250000000
5230,1262500000000
5231,1262750000000
5232,1263000000000
5233,1263250000000
5234,1263500000000
5235,1263750000000
5236,1264000000000
5237,1264250000000
5238,1264500000000
5239,1264750000000
5240,1265000000000
5241,1265250000000
5242,1265500000000
5243,1265750000000
5244,1266000000000
5245,1266250000000
5246,1266500000000
5247,1266750000000
5248,1267000000000
5249,1267250000000
5250,1267500000000
5251,1267750000000
5252,1268000000000
5253,1268250000000
5254,1268500000000
5255,1268750000000
5256,1269000000000
5257,1269250000000
5258,1269500000000
5259,1269750000000
5260,1270000000000
5261,1270250000000
5262,1270500000000
5263,1270750000000
5264,1271000000000
5265,1271250000000
5266,1271500000000
5267,1271750000000
5268,1272000000000
5269,1272250000000
5270,1272500000000
5271,1272750000000
5272,1273000000000
5273,1273250000000
5274,1273500000000
5275,1273750000000
5276,1274000000000
5277,1274250000000
5278,1274500000000
5279,1274750000000
5280,1275000000000
5281,1275250000000
5282,1275500000000
5283,1275750000000
5284,1276000000000
5285,1276250000000
5286,1276500000000
5287,1276750000000
5288,1277000000000
5289,1277250000000
5290,1277500000000
5291,1277750000000
5292,1278000000000
5293,1278250000000
5294,1278500000000
5295,1278750000000
5296,1279000000000
5297,1279250000000
5298,1279500000000
5299,1279750000000
5300,1280000000000
5301,1280250000000
5302,1280500000000
5303,1280750000000
5304,1281000000000
5305,1281250000000
5306,1281500000000
5307,1281750000000
5308,1282000000000
5309,1282250000000
5310,1282500000000
5311,1282750000000
5312,1283000000000
5313,1283250000000
5314,1283500000000
5315,1283750000000
5316,1284000000000
5317,1284250000000
5318,1284500000000
5319,1284750000000
5320,1285000000000
5321,1285250000000
5322,1285500000000
5323,1285750000000
5324,1286000000000
5325,1286250000000
5326,1286500000000
5327,1286750000000
5328,1287000000000
5329,1287250000000
5330,1287500000000
5331,1287750000000
5332,1288000000000
5333,1288250000000
5334,1288500000000
5335,1288750000000
5336,1289000000000
5337,1289250000000
5338,1289500000000
5339,1289750000000
5340,1290000000000
5341,1290250000000
5342,1290500000000
5343,1290750000000
5344,1291000000000
5345,1291250000000
5346,1291500000000
5347,1291750000000
5348,1292000000000
5349,1292250000000
5350,1292500000000
5351,1292750000000
5352,1293000000000
5353,1293250000000
5354,1293500000000
5355,1293750000000
5356,1294000000000
5357,1294250000000
5358,1294500000000
5359,1294750000000
5360,1295000000000
5361,1295250000000
5362,1295500000000
5363,1295750000000
5364,1296000000000
5365,1296250000000
5366,1296500000000
5367,1296750000000
5368,1297000000000
5369,1297250000000
5370,1297500000000
5371,1297750000000
5372,1298000000000
5373,1298250000000
5374,1298500000000
5375,1298750000000
5376,1299000000000
5377,1299250000000
5378,1299500000000
5379,1299750000000
5380,1300000000000
5381,1300250000000
5382,1300500000000
5383,1300750000000
5384,1301000000000
5385,1301250000000
5386,1301500000000
5387,1301750000000
5388,1302000000000
5389,1302250000000
5390,1302500000000
5391,1302750000000
5392,1303000000000
5393,1303250000000
5394,1303500000000
5395,1303750000000
5396,1304000000000
5397,1304250000000
5398,1304500000000
5399,1304750000000
5400,1305000000000
5401,1305250000000
5402,1305500000000
5403,1305750000000
5404,1306000000000
5405,1306250000000
5406,1306500000000
5407,1306750000000
5408,1307000000000
5409,1307250000000
5410,1307500000000
5411,1307750000000
5412,1308000000000
5413,1308250000000
5414,1308500000000
5415,1308750000000
5416,1309000000000
5417,1309250000000
5418,1309500000000
5419,1309750000000
5420,1310000000000
5421,1310250000000
5422,1310500000000
5423,1310750000000
5424,1311000000000
5425,1311250000000
5426,1311500000000
5427,1311750000000
5428,1312000000000
5429,1312250000000
5430,1312500000000
5431,1312750000000
5432,1313000000000
5433,1313250000000
5434,1313500000000
5435,1313750000000
5436,1314000000000
5437,1314250000000
5438,1314500000000
5439,1314750000000
5440,1315000000000
5441,1315250000000
5442,1315500000000
5443,1315750000000
5444,1316000000000
5445,1316250000000
5446,1316500000000
5447,1316750000000
5448,1317000000000
5449,1317250000000
5450,1317500000000
5451,1317750000000
5452,1318000000000
5453,1318250000000
5454,1318500000000
5455,1318750000000
5456,1319000000000
5457,1319250000000
5458,1319500000000
5459,1319750000000
5460,1320000000000
5461,1320250000000
5462,1320500000000
5463,1320750000000
5464,1321000000000
5465,1321250000000
5466,1321500000000
5467,1321750000000
5468,1322000000000
5469,1322250000000
5470,1322500000000
5471,1322750000000
5472,1323000000000
5473,1323250000000
5474,1323500000000
5475,1323750000000
5476,1324000000000
5477,1324250000000
5478,1324500000000
5479,1324750000000
5480,1325000000000
5481,1325250000000
5482,1325500000000
5483,1325750000000
5484,1326000000000
5485,1326250000000
5486,1326500000000
5487,1326750000000
5488,1327000000000
5489,1327250000000
5490,1327500000000
5491,1327750000000
5492,1328000000000
5493,1328250000000
5494,1328500000000
5495,1328750000000
5496,1329000000000
5497,1329250000000
5498,1329500000000
5499,1329750000000
5500,1330000000000
5501,1330250000000
5502,1330500000000
5503,1330750000000
5504,1331000000000
5505,1331250000000
5506,1331500000000
5507,1331750000000
5508,1332000000000
5509,1332250000000
5510,1332500000000
5511,1332750000000
5512,1333000000000
5513,1333250000000
5514,1333500000000
5515,1333750000000
5516,1334000000000
5517,1334250000000
5518,1334500000000
5519,1334750000000
5520,1335000000000
5521,1335250000000
5522,1335500000000
5523,1335750000000
5524,1336000000000
5525,1336250000000
5526,1336500000000
5527,1336750000000
5528,1337000000000
5529,1337250000000
5530,1337500000000
5531,1337750000000
5532,1338000000000
5533,1338250000000
5534,1338500000000
5535,1338750000000
5536,1339000000000
5537,1339250000000
5538,1339500000000
5539,1339750000000
5540,1340000000000
5541,1340250000000
5542,1340500000000
5543,1340750000000
5544,1341000000000
5545,1341250000000
5546,1341500000000
5547,1341750000000
5548,1342000000000
5549,1342250000000
5550,1342500000000
5551,1342750000000
5552,1343000000000
5553,1343250000000
5554,1343500000000
5555,1343750000000
5556,1344000000000
5557,1344250000000
5558,1344500000000
5559,1344750000000
5560,1345000000000
5561,1345250000000
5562,1345500000000
5563,1345750000000
5564,1346000000000
5565,1346250000000
5566,1346500000000
5567,1346750000000
5568,1347000000000
5569,1347250000000
5570,1347500000000
5571,1347750000000
5572,1348000000000
5573,1348250000000
5574,1348500000000
5575,1348750000000
5576,1349000000000
5577,1349250000000
5578,1349500000000
5579,1349750000000
5580,1350000000000
5581,1350250000000
5582,1350500000000
5583,1350750000000
5584,1351000000000
5585,1351250000000
5586,1351500000000
5587,1351750000000
5588,1352000000000
5589,1352250000000
5590,1352500000000
5591,1352750000000
5592,1353000000000
5593,1353250000000
5594,1353500000000
5595,1353750000000
5596,1354000000000
5597,1354250000000
5598,1354500000000
5599,1354750000000
5600,1355000000000
5601,1355250000000
5602,1355500000000
5603,1355750000000
5604,1356000000000
5605,1356250000000
5606,1356500000000
5607,1356750000000
5608,1357000000000
5609,1357250000000
5610,1357500000000
5611,1357750000000
5612,1358000000000
5613,1358250000000
5614,1358500000000
5615,1358750000000
5616,1359000000000
5617,1359250000000
5618,1359500000000
5619,1359750000000
5620,1360000000000
5621,1360250000000
5622,1360500000000
5623,1360750000000
5624,1361000000000
5625,1361250000000
5626,1361500000000
5627,1361750000000
5628,1362000000000
5629,1362250000000
5630,1362500000000
5631,1362750000000
5632,1363000000000
5633,1363250000000
5634,1363500000000
5635,1363750000000
5636,1364000000000
5637,1364250000000
5638,1364500000000
5639,1364750000000
5640,1365000000000
5641,1365250000000
5642,1365500000000
5643,1365750000000
5644,1366000000000
5645,1366250000000
5646,1366500000000
5647,1366750000000
5648,1367000000000
5649,1367250000000
5650,1367500000000
5651,1367750000000
5652,1368000000000
5653,1368250000000
5654,1368500000000
5655,1368750000000
5656,1369000000000
5657,1369250000000
5658,1369500000000
5659,1369750000000
5660,1370000000000
5661,1370250000000
5662,1370500000000
5663,1370750000000
5664,1371000000000
5665,1371250000000
5666,1371500000000
5667,1371750000000
5668,1372000000000
5669,1372250000000
5670,1372500000000
5671,1372750000000
5672,1373000000000
5673,1373250000000
5674,1373500000000
5675,1373750000000
5676,1374000000000
5677,1374250000000
5678,1374500000000
5679,1374750000000
5680,1375000000000
5681,1375250000000
5682,1375500000000
5683,1375750000000
5684,1376000000000
5685,1376250000000
5686,1376500000000
5687,1376750000000
5688,1377000000000
5689,1377250000000
5690,1377500000000
5691,1377750000000
5692,1378000000000
5693,1378250000000
5694,1378500000000
5695,1378750000000
5696,1379000000000
5697,1379250000000
5698,1379500000000
5699,1379750000000
5700,1380000000000
5701,1380250000000
5702,1380500000000
5703,1380750000000
5704,1381000000000
5705,1381250000000
5706,1381500000000
5707,1381750000000
5708,1382000000000
5709,1382250000000
5710,1382500000000
5711,1382750000000
5712,1383000000000
5713,1383250000000
5714,1383500000000
5715,1383750000000
5716,1384000000000
5717,1384250000000
5718,1384500000000
5719,1384750000000
5720,1385000000000
5721,1385250000000
5722,1385500000000
5723,1385750000000
5724,1386000000000
5725,1386250000000
5726,1386500000000
5727,1386750000000
5728,1387000000000
5729,1387250000000
5730,1387500000000
5731,1387750000000
5732,1388000000000
5733,1388250000000
5734,1388500000000
5735,1388750000000
5736,1389000000000
5737,1389250000000
5738,1389500000000
5739,1389750000000
5740,1390000000000
5741,1390250000000
5742,1390500000000
5743,1390750000000
5744,1391000000000
5745,1391250000000
5746,1391500000000
5747,1391750000000
5748,1392000000000
5749,1392250000000
5750,1392500000000
5751,1392750000000
5752,1393000000000
5753,1393250000000
5754,1393500000000
5755,1393750000000
5756,1394000000000
5757,1394250000000
5758,1394500000000
5759,1394750000000
5760,1395000000000
5761,1395250000000
5762,1395500000000
5763,1395750000000
5764,1396000000000
5765,1396250000000
5766,1396500000000
5767,1396750000000
5768,1397000000000
5769,1397250000000
5770,1397500000000
5771,1397750000000
5772,1398000000000
5773,1398250000000
5774,1398500000000
5775,1398750000000
5776,1399000000000
5777,1399250000000
5778,1399500000000
5779,1399750000000
5780,1400000000000
5781,1400250000000
5782,1400500000000
5783,1400750000000
5784,1401000000000
5785,1401250000000
5786,1401500000000
5787,1401750000000
5788,1402000000000
5789,1402250000000
5790,1402500000000
5791,1402750000000
5792,1403000000000
5793,1403250000000
5794,1403500000000
5795,1403750000000
5796,1404000000000
5797,1404250000000
5798,1404500000000
5799,1404750000000
5800,1405000000000
5801,1405250000000
5802,1405500000000
5803,1405750000000
5804,1406000000000
5805,1406250000000
5806,1406500000000
5807,1406750000000
5808,1407000000000
5809,1407250000000
5810,1407500000000
5811,1407750000000
5812,1408000000000
5813,1408250000000
5814,1408500000000
5815,1408750000000
5816,1409000000000
5817,1409250000000
5818,1409500000000
5819,1409750000000
5820,1410000000000
5821,1410250000000
5822,1410500000000
5823,1410750000000
5824,1411000000000
5825,1411250000000
5826,1411500000000
5827,1411750000000
5828,1412000000000
5829,1412250000000
5830,1412500000000
5831,1412750000000
5832,1413000000000
5833,1413250000000
5834,1413500000000
5835,1413750000000
5836,1414000000000
5837,1414250000000
5838,1414500000000
5839,1414750000000
5840,1415000000000
5841,1415250000000
5842,1415500000000
5843,1415750000000
5844,1416000000000
5845,1416250000000
5846,1416500000000
5847,1416750000000
5848,1417000000000
5849,1417250000000
5850,1417500000000
5851,1417750000000
5852,1418000000000
5853,1418250000000
5854,1418500000000
5855,1418750000000
5856,1419000000000
5857,1419250000000
5858,1419500000000
5859,1419750000000
5860,1420000000000
5861,1420250000000
5862,1420500000000
5863,1420750000000
5864,1421000000000
5865,1421250000000
5866,1421500000000
5867,1421750000000
5868,1422000000000
5869,1422250000000
5870,1422500000000
5871,1422750000000
5872,1423000000000
5873,1423250000000
5874,1423500000000
5875,1423750000000
5876,1424000000000
5877,1424250000000
5878,1424500000000
5879,1424750000000
5880,1425000000000
5881,1425250000000
5882,1425500000000
5883,1425750000000
5884,1426000000000
5885,1426250000000
5886,1426500000000
5887,1426750000000
5888,1427000000000
5889,1427250000000
5890,1427500000000
5891,1427750000000
5892,1428000000000
5893,1428250000000
5894,1428500000000
5895,1428750000000
5896,1429000000000
5897,1429250000000
5898,1429500000000
5899,1429750000000
5900,1430000000000
5901,1430250000000
5902,1430500000000
5903,1430750000000
5904,1431000000000
5905,1431250000000
5906,1431500000000
5907,1431750000000
5908,1432000000000
5909,1432250000000
5910,1432500000000
5911,1432750000000
5912,1433000000000
5913,1433250000000
5914,1433500000000
5915,1433750000000
5916,1434000000000
5917,1434250000000
5918,1434500000000
5919,1434750000000
5920,1435000000000
5921,1435250000000
5922,1435500000000
5923,1435750000000
5924,1436000000000
5925,1436250000000
5926,1436500000000
5927,1436750000000
5928,1437000000000
5929,1437250000000
5930,1437500000000
5931,1437750000000
5932,1438000000000
5933,1438250000000
5934,1438500000000
5935,1438750000000
5936,1439000000000
5937,1439250000000
5938,1439500000000
5939,1439750000000
5940,1440000000000
5941,1440250000000
5942,1440500000000
5943,1440750000000
5944,1441000000000
5945,1441250000000
5946,1441500000000
5947,1441750000000
5948,1442000000000
5949,1442250000000
5950,1442500000000
5951,1442750000000
5952,1443000000000
5953,1443250000000
5954,1443500000000
5955,1443750000000
5956,1444000000000
5957,1444250000000
5958,1444500000000
5959,1444750000000
5960,1445000000000
5961,1445250000000
5962,1445500000000
5963,1445750000000
5964,1446000000000
5965,1446250000000
5966,1446500000000
5967,1446750000000
5968,1447000000000
5969,1447250000000
5970,1447500000000
5971,1447750000000
5972,1448000000000
5973,1448250000000
5974,1448500000000
5975,1448750000000
5976,1449000000000
5977,1449250000000
5978,1449500000000
5979,1449750000000
5980,1450000000000
5981,1450250000000
5982,1450500000000
5983,1450750000000
5984,1451000000000
5985,1451250000000
5986,1451500000000
5987,1451750000000
5988,1452000000000
5989,1452250000000
5990,1452500000000
5991,1452750000000
5992,1453000000000
5993,1453250000000
5994,1453500000000
5995,1453750000000
5996,1454000000000
5997,1454250000000
5998,1454500000000
5999,1454750000000
6000,1455000000000
6001,1455250000000
6002,1455500000000
6003,1455750000000
6004,1456000000000
6005,1456250000000
6006,1456500000000
6007,1456750000000
6008,1457000000000
6009,1457250000000
6010,1457500000000
6011,1457750000000
6012,1458000000000
6013,1458250000000
6014,1458500000000
6015,1458750000000
6016,1459000000000
6017,1459250000000
6018,1459500000000
6019,1459750000000
6020,1460000000000
6021,1460250000000
6022,1460500000000
6023,1460750000000
6024,1461000000000
6025,1461250000000
6026,1461500000000
6027,1461750000000
6028,1462000000000
6029,1462250000000
6030,1462500000000
6031,1462750000000
6032,1463000000000
6033,1463250000000
6034,1463500000000
6035,1463750000000
6036,1464000000000
6037,1464250000000
6038,1464500000000
6039,1464750000000
6040,1465000000000
6041,1465250000000
6042,1465500000000
6043,1465750000000
6044,1466000000000
6045,1466250000000
6046,1466500000000
6047,1466750000000
6048,1467000000000
6049,1467250000000
6050,1467500000000
6051,1467750000000
6052,1468000000000
6053,1468250000000
6054,1468500000000
6055,1468750000000
6056,1469000000000
6057,1469250000000
6058,1469500000000
6059,1469750000000
6060,1470000000000
6061,1470250000000
6062,1470500000000
6063,1470750000000
6064,1471000000000
6065,1471250000000
6066,1471500000000
6067,1471750000000
6068,1472000000000
6069,1472250000000
6070,1472500000000
6071,1472750000000
6072,1473000000000
6073,1473250000000
6074,1473500000000
6075,1473750000000
6076,1474000000000
6077,1474250000000
6078,1474500000000
6079,1474750000000
6080,1475000000000
6081,1475250000000
6082,1475500000000
6083,1475750000000
6084,1476000000000
6085,1476250000000
6086,1476500000000
6087,1476750000000
6088,1477000000000
6089,1477250000000
6090,1477500000000
6091,1477750000000
6092,1478000000000
6093,1478250000000
6094,1478500000000
6095,1478750000000
6096,1479000000000
6097,1479250000000
6098,1479500000000
6099,1479750000000
6100,1480000000000
6101,1480250000000
6102,1480500000000
6103,1480750000000
6104,1481000000000
6105,1481250000000
6106,1481500000000
6107,1481750000000
6108,1482000000000
6109,1482250000000
6110,1482500000000
6111,1482750000000
6112,1483000000000
6113,1483250000000
6114,1483500000000
6115,1483750000000
6116,1484000000000
6117,1484250000000
6118,1484500000000
6119,1484750000000
6120,1485000000000
6121,1485250000000
6122,1485500000000
6123,1485750000000
6124,1486000000000
6125,1486250000000
6126,1486500000000
6127,1486750000000
6128,1487000000000
6129,1487250000000
6130,1487500000000
6131,1487750000000
6132,1488000000000
6133,1488250000000
6134,1488500000000
6135,1488750000000
6136,1489000000000
6137,1489250000000
6138,1489500000000
6139,1489750000000
6140,1490000000000
6141,1490250000000
6142,1490500000000
6143,1490750000000
6144,1491000000000
6145,1491250000000
6146,1491500000000
6147,1491750000000
6148,1492000000000
6149,1492250000000
6150,1492500000000
6151,1492750000000
6152,1493000000000
6153,1493250000000
6154,1493500000000
6155,1493750000000
6156,1494000000000
6157,1494250000000
6158,1494500000000
6159,1494750000000
6160,1495000000000
6161,1495250000000
6162,1495500000000
6163,1495750000000
6164,1496000000000
6165,1496250000000
6166,1496500000000
6167,1496750000000
6168,1497000000000
6169,1497250000000
6170,1497500000000
6171,1497750000000
6172,1498000000000
6173,1498250000000
6174,1498500000000
6175,1498750000000
6176,1499000000000
6177,1499250000000
6178,1499500000000
6179,1499750000000
6180,1500000000000
6181,1500250000000
6182,1500500000000
6183,1500750000000
6184,1501000000000
6185,1501250000000
6186,1501500000000
6187,1501750000000
6188,1502000000000
6189,1502250000000
6190,1502500000000
6191,1502750000000
6192,1503000000000
6193,1503250000000
6194,1503500000000
6195,1503750000000
6196,1504000000000
6197,1504250000000
6198,1504500000000
6199,1504750000000
6200,1505000000000
6201,1505250000000
6202,1505500000000
6203,1505750000000
6204,1506000000000
6205,1506250000000
6206,1506500000000
6207,1506750000000
6208,1507000000000
6209,1507250000000
6210,1507500000000
6211,1507750000000
6212,1508000000000
6213,1508250000000
6214,1508500000000
6215,1508750000000
6216,1509000000000
6217,1509250000000
6218,1509500000000
6219,1509750000000
6220,1510000000000
6221,1510250000000
6222,1510500000000
6223,1510750000000
6224,1511000000000
6225,1511250000000
6226,1511500000000
6227,1511750000000
6228,1512000000000
6229,1512250000000
6230,1512500000000
6231,1512750000000
6232,1513000000000
6233,1513250000000
6234,1513500000000
6235,1513750000000
6236,1514000000000
6237,1514250000000
6238,1514500000000
6239,1514750000000
6240,1515000000000
6241,1515250000000
6242,1515500000000
6243,1515750000000
6244,1516000000000
6245,1516250000000
6246,1516500000000
6247,1516750000000
6248,1517000000000
6249,1517250000000
6250,1517500000000
6251,1517750000000
6252,1518000000000
6253,1518250000000
6254,1518500000000
6255,1518750000000
6256,1519000000000
6257,1519250000000
6258,1519500000000
6259,1519750000000
6260,1520000000000
6261,1520250000000
6262,1520500000000
6263,1520750000000
6264,1521000000000
6265,1521250000000
6266,1521500000000
6267,1521750000000
6268,1522000000000
6269,1522250000000
6270,1522500000000
6271,1522750000000
6272,1523000000000
6273,1523250000000
6274,1523500000000
6275,1523750000000
6276,1524000000000
6277,1524250000000
6278,1524500000000
6279,1524750000000
6280,1525000000000
6281,1525250000000
6282,1525500000000
6283,1525750000000
6284,1526000000000
6285,1526250000000
6286,1526500000000
6287,1526750000000
6288,1527000000000
6289,1527250000000
6290,1527500000000
6291,1527750000000
6292,1528000000000
6293,1528250000000
6294,1528500000000
6295,1528750000000
6296,1529000000000
6297,1529250000000
6298,1529500000000
6299,1529750000000
6300,1530000000000
6301,1530250000000
6302,1530500000000
6303,1530750000000
6304,1531000000000
6305,1531250000000
6306,1531500000000
6307,1531750000000
6308,1532000000000
6309,1532250000000
6310,1532500000000
6311,1532750000000
6312,1533000000000
6313,1533250000000
6314,1533500000000
6315,1533750000000
6316,1534000000000
6317,1534250000000
6318,1534500000000
6319,1534750000000
6320,1535000000000
6321,1535250000000
6322,1535500000000
6323,1535750000000
6324,1536000000000
6325,1536250000000
6326,1536500000000
6327,1536750000000
6328,1537000000000
6329,1537250000000
6330,1537500000000
6331,1537750000000
6332,1538000000000
6333,1538250000000
6334,1538500000000
6335,1538750000000
6336,1539000000000
6337,1539250000000
6338,1539500000000
6339,1539750000000
6340,1540000000000
6341,1540250000000
6342,1540500000000
6343,1540750000000
6344,1541000000000
6345,1541250000000
6346,1541500000000
6347,1541750000000
6348,1542000000000
6349,1542250000000
6350,1542500000000
6351,1542750000000
6352,1543000000000
6353,1543250000000
6354,1543500000000
6355,1543750000000
6356,1544000000000
6357,1544250000000
6358,1544500000000
6359,1544750000000
6360,1545000000000
6361,1545250000000
6362,1545500000000
6363,1545750000000
6364,1546000000000
6365,1546250000000
6366,1546500000000
6367,1546750000000
6368,1547000000000
6369,1547250000000
6370,1547500000000
6371,1547750000000
6372,1548000000000
6373,1548250000000
6374,1548500000000
6375,1548750000000
6376,1549000000000
6377,1549250000000
6378,1549500000000
6379,1549750000000
6380,1550000000000
6381,1550250000000
6382,1550500000000
6383,1550750000000
6384,1551000000000
6385,1551250000000
6386,1551500000000
6387,1551750000000
6388,1552000000000
6389,1552250000000
6390,1552500000000
6391,1552750000000
6392,1553000000000
6393,1553250000000
6394,1553500000000
6395,1553750000000
6396,1554000000000
6397,1554250000000
6398,1554500000000
6399,1554750000000
6400,1555000000000
6401,1555250000000
6402,1555500000000
6403,1555750000000
6404,1556000000000
6405,1556250000000
6406,1556500000000
6407,1556750000000
6408,1557000000000
6409,1557250000000
6410,1557500000000
6411,1557750000000
6412,1558000000000
6413,1558250000000
6414,1558500000000
6415,1558750000000
6416,1559000000000
6417,1559250000000
6418,1559500000000
6419,1559750000000
6420,1560000000000
6421,1560250000000
6422,1560500000000
6423,1560750000000
6424,1561000000000
6425,1561250000000
6426,1561500000000
6427,1561750000000
6428,1562000000000
6429,1562250000000
6430,1562500000000
6431,1562750000000
6432,1563000000000
6433,1563250000000
6434,1563500000000
6435,1563750000000
6436,1564000000000
6437,1564250000000
6438,1564500000000
6439,1564750000000
6440,1565000000000
6441,1565250000000
6442,1565500000000
6443,1565750000000
6444,1566000000000
6445,1566250000000
6446,1566500000000
6447,1566750000000
6448,1567000000000
6449,1567250000000
6450,1567500000000
6451,1567750000000
6452,1568000000000
6453,1568250000000
6454,1568500000000
6455,1568750000000
6456,1569000000000
6457,1569250000000
6458,1569500000000
6459,1569750000000
6460,1570000000000
6461,1570250000000
6462,1570500000000
6463,1570750000000
6464,1571000000000
6465,1571250000000
6466,1571500000000
6467,1571750000000
6468,1572000000000
6469,1572250000000
6470,1572500000000
6471,1572750000000
6472,1573000000000
6473,1573250000000
6474,1573500000000
6475,1573750000000
6476,1574000000000
6477,1574250000000
6478,1574500000000
6479,1574750000000
6480,1575000000000
6481,1575250000000
6482,1575500000000
6483,1575750000000
6484,1576000000000
6485,1576250000000
6486,1576500000000
6487,1576750000000
6488,1577000000000
6489,1577250000000
6490,1577500000000
6491,1577750000000
6492,1578000000000
6493,1578250000000
6494,1578500000000
6495,1578750000000
6496,1579000000000
6497,1579250000000
6498,1579500000000
6499,1579750000000
6500,1580000000000
6501,1580250000000
6502,1580500000000
6503,1580750000000
6504,1581000000000
6505,1581250000000
6506,1581500000000
6507,1581750000000
6508,1582000000000
6509,1582250000000
6510,1582500000000
6511,1582750000000
6512,1583000000000
6513,1583250000000
6514,1583500000000
6515,1583750000000
6516,1584000000000
6517,1584250000000
6518,1584500000000
6519,1584750000000
6520,1585000000000
6521,1585250000000
6522,1585500000000
6523,1585750000000
6524,1586000000000
6525,1586250000000
6526,1586500000000
6527,1586750000000
6528,1587000000000
6529,1587250000000
6530,1587500000000
6531,1587750000000
6532,1588000000000
6533,1588250000000
6534,1588500000000
6535,1588750000000
6536,1589000000000
6537,1589250000000
6538,1589500000000
6539,1589750000000
6540,1590000000000
6541,1590250000000
6542,1590500000000
6543,1590750000000
6544,1591000000000
6545,1591250000000
6546,1591500000000
6547,1591750000000
6548,1592000000000
6549,1592250000000
6550,1592500000000
6551,1592750000000
6552,1593000000000
6553,1593250000000
6554,1593500000000
6555,1593750000000
6556,1594000000000
6557,1594250000000
6558,1594500000000
6559,1594750000000
6560,1595000000000
6561,1595250000000
6562,1595500000000
6563,1595750000000
6564,1596000000000
6565,1596250000000
6566,1596500000000
6567,1596750000000
6568,1597000000000
6569,1597250000000
6570,1597500000000
6571,1597750000000
6572,1598000000000
6573,1598250000000
6574,1598500000000
6575,1598750000000
6576,1599000000000
6577,1599250000000
6578,1599500000000
6579,1599750000000
6580,1600000000000
6581,1600250000000
6582,1600500000000
6583,1600750000000
6584,1601000000000
6585,1601250000000
6586,1601500000000
6587,1601750000000
6588,1602000000000
6589,1602250000000
6590,1602500000000
6591,1602750000000
6592,1603000000000
6593,1603250000000
6594,1603500000000
6595,1603750000000
6596,1604000000000
6597,1604250000000
6598,1604500000000
6599,1604750000000
6600,1605000000000
6601,1605250000000
6602,1605500000000
6603,1605750000000
6604,1606000000000
6605,1606250000000
6606,1606500000000
6607,1606750000000
6608,1607000000000
6609,1607250000000
6610,1607500000000
6611,1607750000000
6612,1608000000000
6613,1608250000000
6614,1608500000000
6615,1608750000000
6616,1609000000000
6617,1609250000000
6618,1609500000000
6619,1609750000000
6620,1610000000000
6621,1610250000000
6622,1610500000000
6623,1610750000000
6624,1611000000000
6625,1611250000000
6626,1611500000000
6627,1611750000000
6628,1612000000000
6629,1612250000000
6630,1612500000000
6631,1612750000000
6632,1613000000000
6633,1613250000000
6634,1613500000000
6635,1613750000000
6636,1614000000000
6637,1614250000000
6638,1614500000000
6639,1614750000000
6640,1615000000000
6641,1615250000000
6642,1615500000000
6643,1615750000000
6644,1616000000000
6645,1616250000000
6646,1616500000000
6647,1616750000000
6648,1617000000000
6649,1617250000000
6650,1617500000000
6651,1617750000000
6652,1618000000000
6653,1618250000000
6654,1618500000000
6655,1618750000000
6656,1619000000000
6657,1619250000000
6658,1619500000000
6659,1619750000000
6660,1620000000000
6661,1620250000000
6662,1620500000000
6663,1620750000000
6664,1621000000000
6665,1621250000000
6666,1621500000000
6667,1621750000000
6668,1622000000000
6669,1622250000000
6670,1622500000000
6671,1622750000000
6672,1623000000000
6673,1623250000000
6674,1623500000000
6675,1623750000000
6676,1624000000000
6677,1624250000000
6678,1624500000000
6679,1624750000000
6680,1625000000000
6681,1625250000000
6682,1625500000000
6683,1625750000000
6684,1626000000000
6685,1626250000000
6686,1626500000000
6687,1626750000000
6688,1627000000000
6689,1627250000000
6690,1627500000000
6691,1627750000000
6692,1628000000000
6693,1628250000000
6694,1628500000000
6695,1628750000000
6696,1629000000000
6697,1629250000000
6698,1629500000000
6699,1629750000000
6700,1630000000000
6701,1630250000000
6702,1630500000000
6703,1630750000000
6704,1631000000000
6705,1631250000000
6706,1631500000000
6707,1631750000000
6708,1632000000000
6709,1632250000000
6710,1632500000000
6711,1632750000000
6712,1633000000000
6713,1633250000000
6714,1633500000000
6715,1633750000000
6716,1634000000000
6717,1634250000000
6718,1634500000000
6719,1634750000000
6720,1635000000000
6721,1635250000000
6722,1635500000000
6723,1635750000000
6724,1636000000000
6725,1636250000000
6726,1636500000000
6727,1636750000000
6728,1637000000000
6729,1637250000000
6730,1637500000000
6731,1637750000000
6732,1638000000000
6733,1638250000000
6734,1638500000000
6735,1638750000000
6736,1639000000000
6737,1639250000000
6738,1639500000000
6739,1639750000000
6740,1640000000000
6741,1640250000000
6742,1640500000000
6743,1640750000000
6744,1641000000000
6745,1641250000000
6746,1641500000000
6747,1641750000000
6748,1642000000000
6749,1642250000000
6750,1642500000000
6751,1642750000000
6752,1643000000000
6753,1643250000000
6754,1643500000000
6755,1643750000000
6756,1644000000000
6757,1644250000000
6758,1644500000000
6759,1644750000000
6760,1645000000000
6761,1645250000000
6762,1645500000000
6763,1645750000000
6764,1646000000000
6765,1646250000000
6766,1646500000000
6767,1646750000000
6768,1647000000000
6769,1647250000000
6770,1647500000000
6771,1647750000000
6772,1648000000000
6773,1648250000000
6774,1648500000000
6775,1648750000000
6776,1649000000000
6777,1649250000000
6778,1649500000000
6779,1649750000000
6780,1650000000000
6781,1650250000000
6782,1650500000000
6783,1650750000000
6784,1651000000000
6785,1651250000000
6786,1651500000000
6787,1651750000000
6788,1652000000000
6789,1652250000000
6790,1652500000000
6791,1652750000000
6792,1653000000000
6793,1653250000000
6794,1653500000000
6795,1653750000000
6796,1654000000000
6797,1654250000000
6798,1654500000000
6799,1654750000000
6800,1655000000000
6801,1655250000000
6802,1655500000000
6803,1655750000000
6804,1656000000000
6805,1656250000000
6806,1656500000000
6807,1656750000000
6808,1657000000000
6809,1657250000000
6810,1657500000000
6811,1657750000000
6812,1658000000000
6813,1658250000000
6814,1658500000000
6815,1658750000000
6816,1659000000000
6817,1659250000000
6818,1659500000000
6819,1659750000000
6820,1660000000000
6821,1660250000000
6822,1660500000000
6823,1660750000000
6824,1661000000000
6825,1661250000000
6826,1661500000000
6827,1661750000000
6828,1662000000000
6829,1662250000000
6830,1662500000000
6831,1662750000000
6832,1663000000000
6833,1663250000000
6834,1663500000000
6835,1663750000000
6836,1664000000000
6837,1664250000000
6838,1664500000000
6839,1664750000000
6840,1665000000000
6841,1665250000000
6842,1665500000000
6843,1665750000000
6844,1666000000000
6845,1666250000000
6846,1666500000000
6847,1666750000000
6848,1667000000000
6849,1667250000000
6850,1667500000000
6851,1667750000000
6852,1668000000000
6853,1668250000000
6854,1668500000000
6855,1668750000000
6856,1669000000000
6857,1669250000000
6858,1669500000000
6859,1669750000000
6860,1670000000000
6861,1670250000000
6862,1670500000000
6863,1670750000000
6864,1671000000000
6865,1671250000000
6866,1671500000000
6867,1671750000000
6868,1672000000000
6869,1672250000000
6870,1672500000000
6871,1672750000000
6872,1673000000000
6873,1673250000000
6874,1673500000000
6875,1673750000000
6876,1674000000000
6877,1674250000000
6878,1674500000000
6879,1674750000000
6880,1675000000000
6881,1675250000000
6882,1675500000000
6883,1675750000000
6884,1676000000000
6885,1676250000000
6886,1676500000000
6887,1676750000000
6888,1677000000000
6889,1677250000000
6890,1677500000000
6891,1677750000000
6892,1678000000000
6893,1678250000000
6894,1678500000000
6895,1678750000000
6896,1679000000000
6897,1679250000000
6898,1679500000000
6899,1679750000000
6900,1680000000000
6901,1680250000000
6902,1680500000000
6903,1680750000000
6904,1681000000000
6905,1681250000000
6906,1681500000000
6907,1681750000000
6908,1682000000000
6909,1682250000000
6910,1682500000000
6911,1682750000000
6912,1683000000000
6913,1683250000000
6914,1683500000000
6915,1683750000000
6916,1684000000000
6917,1684250000000
6918,1684500000000
6919,1684750000000
6920,1685000000000
6921,1685250000000
6922,1685500000000
6923,1685750000000
6924,1686000000000
6925,1686250000000
6926,1686500000000
6927,1686750000000
6928,1687000000000
6929,1687250000000
6930,1687500000000
6931,1687750000000
6932,1688000000000
6933,1688250000000
6934,1688500000000
6935,1688750000000
6936,1689000000000
6937,1689250000000
6938,1689500000000
6939,1689750000000
6940,1690000000000
6941,1690250000000
6942,1690500000000
6943,1690750000000
6944,1691000000000
6945,1691250000000
6946,1691500000000
6947,1691750000000
6948,1692000000000
6949,1692250000000
6950,1692500000000
6951,1692750000000
6952,1693000000000
6953,1693250000000
6954,1693500000000
6955,1693750000000
6956,1694000000000
6957,1694250000000
6958,1694500000000
6959,1694750000000
6960,1695000000000
6961,1695250000000
6962,1695500000000
6963,1695750000000
6964,1696000000000
6965,1696250000000
6966,1696500000000
6967,1696750000000
6968,1697000000000
6969,1697250000000
6970,1697500000000
6971,1697750000000
6972,1698000000000
6973,1698250000000
6974,1698500000000
6975,1698750000000
6976,1699000000000
6977,1699250000000
6978,1699500000000
6979,1699750000000
6980,1700000000000
6981,1700250000000
6982,1700500000000
6983,1700750000000
6984,1701000000000
6985,1701250000000
6986,1701500000000
6987,1701750000000
6988,1702000000000
6989,1702250000000
6990,1702500000000
6991,1702750000000
6992,1703000000000
6993,1703250000000
6994,1703500000000
6995,1703750000000
6996,1704000000000
6997,1704250000000
6998,1704500000000
6999,1704750000000
7000,1705000000000
7001,1705250000000
7002,1705500000000
7003,1705750000000
7004,1706000000000
7005,1706250000000
7006,1706500000000
7007,1706750000000
7008,1707000000000
7009,1707250000000
7010,1707500000000
7011,1707750000000
7012,1708000000000
7013,1708250000000
7014,1708500000000
7015,1708750000000
7016,1709000000000
7017,1709250000000
7018,1709500000000
7019,1709750000000
7020,1710000000000
7021,1710250000000
7022,1710500000000
7023,1710750000000
7024,1711000000000
7025,1711250000000
7026,1711500000000
7027,1711750000000
7028,1712000000000
7029,1712250000000
7030,1712500000000
7031,1712750000000
7032,1713000000000
7033,1713250000000
7034,1713500000000
7035,1713750000000
7036,1714000000000
7037,1714250000000
7038,1714500000000
7039,1714750000000
7040,1715000000000
7041,1715250000000
7042,1715500000000
7043,1715750000000
7044,1716000000000
7045,1716250000000
7046,1716500000000
7047,1716750000000
7048,1717000000000
7049,1717250000000
7050,1717500000000
7051,1717750000000
7052,1718000000000
7053,1718250000000
7054,1718500000000
7055,1718750000000
7056,1719000000000
7057,1719250000000
7058,1719500000000
7059,1719750000000
7060,1720000000000
7061,1720250000000
7062,1720500000000
7063,1720750000000
7064,1721000000000
7065,1721250000000
7066,1721500000000
7067,1721750000000
7068,1722000000000
7069,1722250000000
7070,1722500000000
7071,1722750000000
7072,1723000000000
7073,1723250000000
7074,1723500000000
7075,1723750000000
7076,1724000000000
7077,1724250000000
7078,1724500000000
7079,1724750000000
7080,1725000000000
7081,1725250000000
7082,1725500000000
7083,1725750000000
7084,1726000000000
7085,1726250000000
7086,1726500000000
7087,1726750000000
7088,1727000000000
7089,1727250000000
7090,1727500000000
7091,1727750000000
7092,1728000000000
7093,1728250000000
7094,1728500000000
7095,1728750000000
7096,1729000000000
7097,1729250000000
7098,1729500000000
7099,1729750000000
7100,1730000000000
7101,1730250000000
7102,1730500000000
7103,1730750000000
7104,1731000000000
7105,1731250000000
7106,1731500000000
7107,1731750000000
7108,1732000000000
7109,1732250000000
7110,1732500000000
7111,1732750000000
7112,1733000000000
7113,1733250000000
7114,1733500000000
7115,1733750000000
7116,1734000000000
7117,1734250000000
7118,1734500000000
7119,1734750000000
7120,1735000000000
7121,1735250000000
7122,1735500000000
7123,1735750000000
7124,1736000000000
7125,1736250000000
7126,1736500000000
7127,1736750000000
7128,1737000000000
7129,1737250000000
7130,1737500000000
7131,1737750000000
7132,1738000000000
7133,1738250000000
7134,1738500000000
7135,1738750000000
7136,1739000000000
7137,1739250000000
7138,1739500000000
7139,1739750000000
7140,1740000000000
7141,1740250000000
7142,1740500000000
7143,1740750000000
7144,1741000000000
7145,1741250000000
7146,1741500000000
7147,1741750000000
7148,1742000000000
7149,1742250000000
7150,1742500000000
7151,1742750000000
7152,1743000000000
7153,1743250000000
7154,1743500000000
7155,1743750000000
7156,1744000000000
7157,1744250000000
7158,1744500000000
7159,1744750000000
7160,1745000000000
7161,1745250000000
7162,1745500000000
7163,1745750000000
7164,1746000000000
7165,1746250000000
7166,1746500000000
7167,1746750000000
7168,1747000000000
7169,1747250000000
7170,1747500000000
7171,1747750000000
7172,1748000000000
7173,1748250000000
7174,1748500000000
7175,1748750000000
7176,1749000000000
7177,1749250000000
7178,1749500000000
7179,1749750000000
7180,1750000000000
7181,1750250000000
7182,1750500000000
7183,1750750000000
7184,1751000000000
7185,1751250000000
7186,1751500000000
7187,1751750000000
7188,1752000000000
7189,1752250000000
7190,1752500000000
7191,1752750000000
7192,1753000000000
7193,1753250000000
7194,1753500000000
7195,1753750000000
7196,1754000000000
7197,1754250000000
7198,1754500000000
7199,1754750000000
7200,1755000000000
7201,1755250000000
7202,1755500000000
7203,1755750000000
7204,1756000000000
7205,1756250000000
7206,1756500000000
7207,1756750000000
7208,1757000000000
7209,1757250000000
7210,1757500000000
7211,1757750000000
7212,1758000000000
7213,1758250000000
7214,1758500000000
7215,1758750000000
7216,1759000000000
7217,1759250000000
7218,1759500000000
7219,1759750000000
7220,1760000000000
7221,1760250000000
7222,1760500000000
7223,1760750000000
7224,1761000000000
7225,1761250000000
7226,1761500000000
7227,1761750000000
7228,1762000000000
7229,1762250000000
7230,1762500000000
7231,1762750000000
7232,1763000000000
7233,1763250000000
7234,1763500000000
7235,1763750000000
7236,1764000000000
7237,1764250000000
7238,1764500000000
7239,1764750000000
7240,1765000000000
7241,1765250000000
7242,1765500000000
7243,1765750000000
7244,1766000000000
7245,1766250000000
7246,1766500000000
7247,1766750000000
7248,1767000000000
7249,1767250000000
7250,1767500000000
7251,1767750000000
7252,1768000000000
7253,1768250000000
7254,1768500000000
7255,1768750000000
7256,1769000000000
7257,1769250000000
7258,1769500000000
7259,1769750000000
7260,1770000000000
7261,1770250000000
7262,1770500000000
7263,1770750000000
7264,1771000000000
7265,1771250000000
7266,1771500000000
7267,1771750000000
7268,1772000000000
7269,1772250000000
7270,1772500000000
7271,1772750000000
7272,1773000000000
7273,1773250000000
7274,1773500000000
7275,1773750000000
7276,1774000000000
7277,1774250000000
7278,1774500000000
7279,1774750000000
7280,1775000000000
7281,1775250000000
7282,1775500000000
7283,1775750000000
7284,1776000000000
7285,1776250000000
7286,1776500000000
7287,1776750000000
7288,1777000000000
7289,1777250000000
7290,1777500000000
7291,1777750000000
7292,1778000000000
7293,1778250000000
7294,1778500000000
7295,1778750000000
7296,1779000000000
7297,1779250000000
7298,1779500000000
7299,1779750000000
7300,1780000000000
7301,1780250000000
7302,1780500000000
7303,1780750000000
7304,1781000000000
7305,1781250000000
7306,1781500000000
7307,1781750000000
7308,1782000000000
7309,1782250000000
7310,1782500000000
7311,1782750000000
7312,1783000000000
7313,1783250000000
7314,1783500000000
7315,1783750000000
7316,1784000000000
7317,1784250000000
7318,1784500000000
7319,1784750000000
7320,1785000000000
7321,1785250000000
7322,1785500000000
7323,1785750000000
7324,1786000000000
7325,1786250000000
7326,1786500000000
7327,1786750000000
7328,1787000000000
7329,1787250000000
7330,1787500000000
7331,1787750000000
7332,1788000000000
7333,1788250000000
7334,1788500000000
7335,1788750000000
7336,1789000000000
7337,1789250000000
7338,1789500000000
7339,1789750000000
7340,1790000000000
7341,1790250000000
7342,1790500000000
7343,1790750000000
7344,1791000000000
7345,1791250000000
7346,1791500000000
7347,1791750000000
7348,1792000000000
7349,1792250000000
7350,1792500000000
7351,1792750000000
7352,1793000000000
7353,1793250000000
7354,1793500000000
7355,1793750000000
7356,1794000000000
7357,1794250000000
7358,1794500000000
7359,1794750000000
7360,1795000000000
7361,1795250000000
7362,1795500000000
7363,1795750000000
7364,1796000000000
7365,1796250000000
7366,1796500000000
7367,1796750000000
7368,1797000000000
7369,1797250000000
7370,1797500000000
7371,1797750000000
7372,1798000000000
7373,1798250000000
7374,1798500000000
7375,1798750000000
7376,1799000000000
7377,1799250000000
7378,1799500000000
7379,1799750000000
7380,1800000000000
7381,1800250000000
7382,1800500000000
7383,1800750000000
7384,1801000000000
7385,1801250000000
7386,1801500000000
7387,1801750000000
7388,1802000000000
7389,1802250000000
7390,1802500000000
7391,1802750000000
7392,1803000000000
7393,1803250000000
7394,1803500000000
7395,1803750000000
7396,1804000000000
7397,1804250000000
7398,1804500000000
7399,1804750000000
7400,1805000000000
7401,1805250000000
7402,1805500000000
7403,1805750000000
7404,1806000000000
7405,1806250000000
7406,1806500000000
7407,1806750000000
7408,1807000000000
7409,1807250000000
7410,1807500000000
7411,1807750000000
7412,1808000000000
7413,1808250000000
7414,1808500000000
7415,1808750000000
7416,1809000000000
7417,1809250000000
7418,1809500000000
7419,1809750000000
7420,1810000000000
7421,1810250000000
7422,1810500000000
7423,1810750000000
7424,1811000000000
7425,1811250000000
7426,1811500000000
7427,1811750000000
7428,1812000000000
7429,1812250000000
7430,1812500000000
7431,1812750000000
7432,1813000000000
7433,1813250000000
7434,1813500000000
7435,1813750000000
7436,1814000000000
7437,1814250000000
7438,1814500000000
7439,1814750000000
7440,1815000000000
7441,1815250000000
7442,1815500000000
7443,1815750000000
7444,1816000000000
7445,1816250000000
7446,1816500000000
7447,1816750000000
7448,1817000000000
7449,1817250000000
7450,1817500000000
7451,1817750000000
7452,1818000000000
7453,1818250000000
7454,1818500000000
7455,1818750000000
7456,1819000000000
7457,1819250000000
7458,1819500000000
7459,1819750000000
7460,1820000000000
7461,1820250000000
7462,1820500000000
7463,1820750000000
7464,1821000000000
7465,1821250000000
7466,1821500000000
7467,1821750000000
7468,1822000000000
7469,1822250000000
7470,1822500000000
7471,1822750000000
7472,1823000000000
7473,1823250000000
7474,1823500000000
7475,1823750000000
7476,1824000000000
7477,1824250000000
7478,1824500000000
7479,1824750000000
7480,1825000000000
7481,1825250000000
7482,1825500000000
7483,1825750000000
7484,1826000000000
7485,1826250000000
7486,1826500000000
7487,1826750000000
7488,1827000000000
7489,1827250000000
7490,1827500000000
7491,1827750000000
7492,1828000000000
7493,1828250000000
7494,1828500000000
7495,1828750000000
7496,1829000000000
7497,1829250000000
7498,1829500000000
7499,1829750000000
7500,1830000000000
7501,1830250000000
7502,1830500000000
7503,1830750000000
7504,1831000000000
7505,1831250000000
7506,1831500000000
7507,1831750000000
7508,1832000000000
7509,1832250000000
7510,1832500000000
7511,1832750000000
7512,1833000000000
7513,1833250000000
7514,1833500000000
7515,1833750000000
7516,1834000000000
7517,1834250000000
7518,1834500000000
7519,1834750000000
7520,1835000000000
7521,1835250000000
7522,1835500000000
7523,1835750000000
7524,1836000000000
7525,1836250000000
7526,1836500000000
7527,1836750000000
7528,1837000000000
7529,1837250000000
7530,1837500000000
7531,1837750000000
7532,1838000000000
7533,1838250000000
7534,1838500000000
7535,1838750000000
7536,1839000000000
7537,1839250000000
7538,1839500000000
7539,1839750000000
7540,1840000000000
7541,1840250000000
7542,1840500000000
7543,1840750000000
7544,1841000000000
7545,1841250000000
7546,1841500000000
7547,1841750000000
7548,1842000000000
7549,1842250000000
7550,1842500000000
7551,1842750000000
7552,1843000000000
7553,1843250000000
7554,1843500000000
7555,1843750000000
7556,1844000000000
7557,1844250000000
7558,1844500000000
7559,1844750000000
7560,1845000000000
7561,1845250000000
7562,1845500000000
7563,1845750000000
7564,1846000000000
7565,1846250000000
7566,1846500000000
7567,1846750000000
7568,1847000000000
7569,1847250000000
7570,1847500000000
7571,1847750000000
7572,1848000000000
7573,1848250000000
7574,1848500000000
7575,1848750000000
7576,1849000000000
7577,1849250000000
7578,1849500000000
7579,1849750000000
7580,1850000000000
7581,1850250000000
7582,1850500000000
7583,1850750000000
7584,1851000000000
7585,1851250000000
7586,1851500000000
7587,1851750000000
7588,1852000000000
7589,1852250000000
7590,1852500000000
7591,1852750000000
7592,1853000000000
7593,1853250000000
7594,1853500000000
7595,1853750000000
7596,1854000000000
7597,1854250000000
7598,1854500000000
7599,1854750000000
7600,1855000000000
7601,1855250000000
7602,1855500000000
7603,1855750000000
7604,1856000000000
7605,1856250000000
7606,1856500000000
7607,1856750000000
7608,1857000000000
7609,1857250000000
7610,1857500000000
7611,1857750000000
7612,1858000000000
7613,1858250000000
7614,1858500000000
7615,1858750000000
7616,1859000000000
7617,1859250000000
7618,1859500000000
7619,1859750000000
7620,1860000000000
7621,1860250000000
7622,1860500000000
7623,1860750000000
7624,1861000000000
7625,1861250000000
7626,1861500000000
7627,1861750000000
7628,1862000000000
7629,1862250000000
7630,1862500000000
7631,1862750000000
7632,1863000000000
7633,1863250000000
7634,1863500000000
7635,1863750000000
7636,1864000000000
7637,1864250000000
7638,1864500000000
7639,1864750000000
7640,1865000000000
7641,1865250000000
7642,1865500000000
7643,1865750000000
7644,1866000000000
7645,1866250000000
7646,1866500000000
7647,1866750000000
7648,1867000000000
7649,1867250000000
7650,1867500000000
7651,1867750000000
7652,1868000000000
7653,1868250000000
7654,1868500000000
7655,1868750000000
7656,1869000000000
7657,1869250000000
7658,1869500000000
7659,1869750000000
7660,1870000000000
7661,1870250000000
7662,1870500000000
7663,1870750000000
7664,1871000000000
7665,1871250000000
7666,1871500000000
7667,1871750000000
7668,1872000000000
7669,1872250000000
7670,1872500000000
7671,1872750000000
7672,1873000000000
7673,1873250000000
7674,1873500000000
7675,1873750000000
7676,1874000000000
7677,1874250000000
7678,1874500000000
7679,1874750000000
7680,1875000000000
7681,1875250000000
7682,1875500000000
7683,1875750000000
7684,1876000000000
7685,1876250000000
7686,1876500000000
7687,1876750000000
7688,1877000000000
7689,1877250000000
7690,1877500000000
7691,1877750000000
7692,1878000000000
7693,1878250000000
7694,1878500000000
7695,1878750000000
7696,1879000000000
7697,1879250000000
7698,1879500000000
7699,1879750000000
7700,1880000000000
7701,1880250000000
7702,1880500000000
7703,1880750000000
7704,1881000000000
7705,1881250000000
7706,1881500000000
7707,1881750000000
7708,1882000000000
7709,1882250000000
7710,1882500000000
7711,1882750000000
7712,1883000000000
7713,1883250000000
7714,1883500000000
7715,1883750000000
7716,1884000000000
7717,1884250000000
7718,1884500000000
7719,1884750000000
7720,1885000000000
7721,1885250000000
7722,1885500000000
7723,1885750000000
7724,1886000000000
7725,1886250000000
7726,1886500000000
7727,1886750000000
7728,1887000000000
7729,1887250000000
7730,1887500000000
7731,1887750000000
7732,1888000000000
7733,1888250000000
7734,1888500000000
7735,1888750000000
7736,1889000000000
7737,1889250000000
7738,1889500000000
7739,1889750000000
7740,1890000000000
7741,1890250000000
7742,1890500000000
7743,1890750000000
7744,1891000000000
7745,1891250000000
7746,1891500000000
7747,1891750000000
7748,1892000000000
7749,1892250000000
7750,1892500000000
7751,1892750000000
7752,1893000000000
7753,1893250000000
7754,1893500000000
7755,1893750000000
7756,1894000000000
7757,1894250000000
7758,1894500000000
7759,1894750000000
7760,1895000000000
7761,1895250000000
7762,1895500000000
7763,1895750000000
7764,1896000000000
7765,1896250000000
7766,1896500000000
7767,1896750000000
7768,1897000000000
7769,1897250000000
7770,1897500000000
7771,1897750000000
7772,1898000000000
7773,1898250000000
7774,1898500000000
7775,1898750000000
7776,1899000000000
7777,1899250000000
7778,1899500000000
7779,1899750000000
7780,1900000000000
7781,1900250000000
7782,1900500000000
7783,1900750000000
7784,1901000000000
7785,1901250000000
7786,1901500000000
7787,1901750000000
7788,1902000000000
7789,1902250000000
7790,1902500000000
7791,1902750000000
7792,1903000000000
7793,1903250000000
7794,1903500000000
7795,1903750000000
7796,1904000000000
7797,1904250000000
7798,1904500000000
7799,1904750000000
7800,1905000000000
7801,1905250000000
7802,1905500000000
7803,1905750000000
7804,1906000000000
7805,1906250000000
7806,1906500000000
7807,1906750000000
7808,1907000000000
7809,1907250000000
7810,1907500000000
7811,1907750000000
7812,1908000000000
7813,1908250000000
7814,1908500000000
7815,1908750000000
7816,1909000000000
7817,1909250000000
7818,1909500000000
7819,1909750000000
7820,1910000000000
7821,1910250000000
7822,1910500000000
7823,1910750000000
7824,1911000000000
7825,1911250000000
7826,1911500000000
7827,1911750000000
7828,1912000000000
7829,1912250000000
7830,1912500000000
7831,1912750000000
7832,1913000000000
7833,1913250000000
7834,1913500000000
7835,1913750000000
7836,1914000000000
7837,1914250000000
7838,1914500000000
7839,1914750000000
7840,1915000000000
7841,1915250000000
7842,1915500000000
7843,1915750000000
7844,1916000000000
7845,1916250000000
7846,1916500000000
7847,1916750000000
7848,1917000000000
7849,1917250000000
7850,1917500000000
7851,1917750000000
7852,1918000000000
7853,1918250000000
7854,1918500000000
7855,1918750000000
7856,1919000000000
7857,1919250000000
7858,1919500000000
7859,1919750000000
7860,1920000000000
7861,1920250000000
7862,1920500000000
7863,1920750000000
7864,1921000000000
7865,1921250000000
7866,1921500000000
7867,1921750000000
7868,1922000000000
7869,1922250000000
7870,1922500000000
7871,1922750000000
7872,1923000000000
7873,1923250000000
7874,1923500000000
7875,1923750000000
7876,1924000000000
7877,1924250000000
7878,1924500000000
7879,1924750000000
7880,1925000000000
7881,1925250000000
7882,1925500000000
7883,1925750000000
7884,1926000000000
7885,1926250000000
7886,1926500000000
7887,1926750000000
7888,1927000000000
7889,1927250000000
7890,1927500000000
7891,1927750000000
7892,1928000000000
7893,1928250000000
7894,1928500000000
7895,1928750000000
7896,1929000000000
7897,1929250000000
7898,1929500000000
7899,1929750000000
7900,1930000000000
7901,1930250000000
7902,1930500000000
7903,1930750000000
7904,1931000000000
7905,1931250000000
7906,1931500000000
7907,1931750000000
7908,1932000000000
7909,1932250000000
7910,1932500000000
7911,1932750000000
7912,1933000000000
7913,1933250000000
7914,1933500000000
7915,1933750000000
7916,1934000000000
7917,1934250000000
7918,1934500000000
7919,1934750000000
7920,1935000000000
7921,1935250000000
7922,1935500000000
7923,1935750000000
7924,1936000000000
7925,1936250000000
7926,1936500000000
7927,1936750000000
7928,1937000000000
7929,1937250000000
7930,1937500000000
7931,1937750000000
7932,1938000000000
7933,1938250000000
7934,1938500000000
7935,1938750000000
7936,1939000000000
7937,1939250000000
7938,1939500000000
7939,1939750000000
7940,1940000000000
7941,1940250000000
7942,1940500000000
7943,1940750000000
7944,1941000000000
7945,1941250000000
7946,1941500000000
7947,1941750000000
7948,1942000000000
7949,1942250000000
7950,1942500000000
7951,1942750000000
7952,1943000000000
7953,1943250000000
7954,1943500000000
7955,1943750000000
7956,1944000000000
7957,1944250000000
7958,1944500000000
7959,1944750000000
7960,1945000000000
7961,1945250000000
7962,1945500000000
7963,1945750000000
7964,1946000000000
7965,1946250000000
7966,1946500000000
7967,1946750000000
7968,1947000000000
7969,1947250000000
7970,1947500000000
7971,1947750000000
7972,1948000000000
7973,1948250000000
7974,1948500000000
7975,1948750000000
7976,1949000000000
7977,1949250000000
7978,1949500000000
7979,1949750000000
7980,1950000000000
7981,1950250000000
7982,1950500000000
7983,1950750000000
7984,1951000000000
7985,1951250000000
7986,1951500000000
7987,1951750000000
7988,1952000000000
7989,1952250000000
7990,1952500000000
7991,1952750000000
7992,1953000000000
7993,1953250000000
7994,1953500000000
7995,1953750000000
7996,1954000000000
7997,1954250000000
7998,1954500000000
7999,1954750000000
8000,1955000000000
8001,1955250000000
8002,1955500000000
8003,1955750000000
8004,1956000000000
8005,1956250000000
8006,1956500000000
8007,1956750000000
8008,1957000000000
8009,1957250000000
8010,1957500000000
8011,1957750000000
8012,1958000000000
8013,1958250000000
8014,1958500000000
8015,1958750000000
8016,1959000000000
8017,1959250000000
8018,1959500000000
8019,1959750000000
8020,1960000000000
8021,1960250000000
8022,1960500000000
8023,1960750000000
8024,1961000000000
8025,1961250000000
8026,1961500000000
8027,1961750000000
8028,1962000000000
8029,1962250000000
8030,1962500000000
8031,1962750000000
8032,1963000000000
8033,1963250000000
8034,1963500000000
8035,1963750000000
8036,1964000000000
8037,1964250000000
8038,1964500000000
8039,1964750000000
8040,1965000000000
8041,1965250000000
8042,1965500000000
8043,1965750000000
8044,1966000000000
8045,1966250000000
8046,1966500000000
8047,1966750000000
8048,1967000000000
8049,1967250000000
8050,1967500000000
8051,1967750000000
8052,1968000000000
8053,1968250000000
8054,1968500000000
8055,1968750000000
8056,1969000000000
8057,1969250000000
8058,1969500000000
8059,1969750000000
8060,1970000000000
8061,1970250000000
8062,1970500000000
8063,1970750000000
8064,1971000000000
8065,1971250000000
8066,1971500000000
8067,1971750000000
8068,1972000000000
8069,1972250000000
8070,1972500000000
8071,1972750000000
8072,1973000000000
8073,1973250000000
8074,1973500000000
8075,1973750000000
8076,1974000000000
8077,1974250000000
8078,1974500000000
8079,1974750000000
8080,1975000000000
8081,1975250000000
8082,1975500000000
8083,1975750000000
8084,1976000000000
8085,1976250000000
8086,1976500000000
8087,1976750000000
8088,1977000000000
8089,1977250000000
8090,1977500000000
8091,1977750000000
8092,1978000000000
8093,1978250000000
8094,1978500000000
8095,1978750000000
8096,1979000000000
8097,1979250000000
8098,1979500000000
8099,1979750000000
8100,1980000000000
8101,1980250000000
8102,1980500000000
8103,1980750000000
8104,1981000000000
8105,1981250000000
8106,1981500000000
8107,1981750000000
8108,1982000000000
8109,1982250000000
8110,1982500000000
8111,1982750000000
8112,1983000000000
8113,1983250000000
8114,1983500000000
8115,1983750000000
8116,1984000000000
8117,1984250000000
8118,1984500000000
8119,1984750000000
8120,1985000000000
8121,1985250000000
8122,1985500000000
8123,1985750000000
8124,1986000000000
8125,1986250000000
8126,1986500000000
8127,1986750000000
8128,1987000000000
8129,1987250000000
8130,1987500000000
8131,1987750000000
8132,1988000000000
8133,1988250000000
8134,1988500000000
8135,1988750000000
8136,1989000000000
8137,1989250000000
8138,1989500000000
8139,1989750000000
8140,1990000000000
8141,1990250000000
8142,1990500000000
8143,1990750000000
8144,1991000000000
8145,1991250000000
8146,1991500000000
8147,1991750000000
8148,1992000000000
8149,1992250000000
8150,1992500000000
8151,1992750000000
8152,1993000000000
8153,1993250000000
8154,1993500000000
8155,1993750000000
8156,1994000000000
8157,1994250000000
8158,1994500000000
8159,1994750000000
8160,1995000000000
8161,1995250000000
8162,1995500000000
8163,1995750000000
8164,1996000000000
8165,1996250000000
8166,1996500000000
8167,1996750000000
8168,1997000000000
8169,1997250000000
8170,1997500000000
8171,1997750000000
8172,1998000000000
8173,1998250000000
8174,1998500000000
8175,1998750000000
8176,1999000000000
8177,1999250000000
8178,1999500000000
8179,1999750000000
8180,2000000000000
8181,2000250000000
8182,2000500000000
8183,2000750000000
8184,2001000000000
8185,2001250000000
8186,2001500000000
8187,2001750000000
8188,2002000000000
8189,2002250000000
8190,2002500000000
8191,2002750000000
8192,2003000000000
8193,2003250000000
8194,2003500000000
8195,2003750000000
8196,2004000000000
8197,2004250000000
8198,2004500000000
8199,2004750000000
8200,2005000000000
8201,2005250000000
8202,2005500000000
8203,2005750000000
8204,2006000000000
8205,2006250000000
8206,2006500000000
8207,2006750000000
8208,2007000000000
8209,2007250000000
8210,2007500000000
8211,2007750000000
8212,2008000000000
8213,2008250000000
8214,2008500000000
8215,2008750000000
8216,2009000000000
8217,2009250000000
8218,2009500000000
8219,2009750000000
8220,2010000000000
8221,2010250000000
8222,2010500000000
8223,2010750000000
8224,2011000000000
8225,2011250000000
8226,2011500000000
8227,2011750000000
8228,2012000000000
8229,2012250000000
8230,2012500000000
8231,2012750000000
8232,2013000000000
8233,2013250000000
8234,2013500000000
8235,2013750000000
8236,2014000000000
8237,2014250000000
8238,2014500000000
8239,2014750000000
8240,2015000000000
8241,2015250000000
8242,2015500000000
8243,2015750000000
8244,2016000000000
8245,2016250000000
8246,2016500000000
8247,2016750000000
8248,2017000000000
8249,2017250000000
8250,2017500000000
8251,2017750000000
8252,2018000000000
8253,2018250000000
8254,2018500000000
8255,2018750000000
8256,2019000000000
8257,2019250000000
8258,2019500000000
8259,2019750000000
8260,2020000000000
8261,2020250000000
8262,2020500000000
8263,2020750000000
8264,2021000000000
8265,2021250000000
8266,2021500000000
8267,2021750000000
8268,2022000000000
8269,2022250000000
8270,2022500000000
8271,2022750000000
8272,2023000000000
8273,2023250000000
8274,2023500000000
8275,2023750000000
8276,2024000000000
8277,2024250000000
8278,2024500000000
8279,2024750000000
8280,2025000000000
8281,2025250000000
8282,2025500000000
8283,2025750000000
8284,2026000000000
8285,2026250000000
8286,2026500000000
8287,2026750000000
8288,2027000000000
8289,2027250000000
8290,2027500000000
8291,2027750000000
8292,2028000000000
8293,2028250000000
8294,2028500000000
8295,2028750000000
8296,2029000000000
8297,2029250000000
8298,2029500000000
8299,2029750000000
8300,2030000000000
8301,2030250000000
8302,2030500000000
8303,2030750000000
8304,2031000000000
8305,2031250000000
8306,2031500000000
8307,2031750000000
8308,2032000000000
8309,2032250000000
8310,2032500000000
8311,2032750000000
8312,2033000000000
8313,2033250000000
8314,2033500000000
8315,2033750000000
8316,2034000000000
8317,2034250000000
8318,2034500000000
8319,2034750000000
8320,2035000000000
8321,2035250000000
8322,2035500000000
8323,2035750000000
8324,2036000000000
8325,2036250000000
8326,2036500000000
8327,2036750000000
8328,2037000000000
8329,2037250000000
8330,2037500000000
8331,2037750000000
8332,2038000000000
8333,2038250000000
8334,2038500000000
8335,2038750000000
8336,2039000000000
8337,2039250000000
8338,2039500000000
8339,2039750000000
8340,2040000000000
8341,2040250000000
8342,2040500000000
8343,2040750000000
8344,2041000000000
8345,2041250000000
8346,2041500000000
8347,2041750000000
8348,2042000000000
8349,2042250000000
8350,2042500000000
8351,2042750000000
8352,2043000000000
8353,2043250000000
8354,2043500000000
8355,2043750000000
8356,2044000000000
8357,2044250000000
8358,2044500000000
8359,2044750000000
8360,2045000000000
8361,2045250000000
8362,2045500000000
8363,2045750000000
8364,2046000000000
8365,2046250000000
8366,2046500000000
8367,2046750000000
8368,2047000000000
8369,2047250000000
8370,2047500000000
8371,2047750000000
8372,2048000000000
8373,2048250000000
8374,2048500000000
8375,2048750000000
8376,2049000000000
8377,2049250000000
8378,2049500000000
8379,2049750000000
8380,2050000000000
8381,2050250000000
8382,2050500000000
8383,2050750000000
8384,2051000000000
8385,2051250000000
8386,2051500000000
8387,2051750000000
8388,2052000000000
8389,2052250000000
8390,2052500000000
8391,2052750000000
8392,2053000000000
8393,2053250000000
8394,2053500000000
8395,2053750000000
8396,2054000000000
8397,2054250000000
8398,2054500000000
8399,2054750000000
8400,2055000000000
8401,2055250000000
8402,2055500000000
8403,2055750000000
8404,2056000000000
8405,2056250000000
8406,2056500000000
8407,2056750000000
8408,2057000000000
8409,2057250000000
8410,2057500000000
8411,2057750000000
8412,2058000000000
8413,2058250000000
8414,2058500000000
8415,2058750000000
8416,2059000000000
8417,2059250000000
8418,2059500000000
8419,2059750000000
8420,2060000000000
8421,2060250000000
8422,2060500000000
8423,2060750000000
8424,2061000000000
8425,2061250000000
8426,2061500000000
8427,2061750000000
8428,2062000000000
8429,2062250000000
8430,2062500000000
8431,2062750000000
8432,2063000000000
8433,2063250000000
8434,2063500000000
8435,2063750000000
8436,2064000000000
8437,2064250000000
8438,2064500000000
8439,2064750000000
8440,2065000000000
8441,2065250000000
8442,2065500000000
8443,2065750000000
8444,2066000000000
8445,2066250000000
8446,2066500000000
8447,2066750000000
8448,2067000000000
8449,2067250000000
8450,2067500000000
8451,2067750000000
8452,2068000000000
8453,2068250000000
8454,2068500000000
8455,2068750000000
8456,2069000000000
8457,2069250000000
8458,2069500000000
8459,2069750000000
8460,2070000000000
8461,2070250000000
8462,2070500000000
8463,2070750000000
8464,2071000000000
8465,2071250000000
8466,2071500000000
8467,2071750000000
8468,2072000000000
8469,2072250000000
8470,2072500000000
8471,2072750000000
8472,2073000000000
8473,2073250000000
8474,2073500000000
8475,2073750000000
8476,2074000000000
8477,2074250000000
8478,2074500000000
8479,2074750000000
8480,2075000000000
8481,2075250000000
8482,2075500000000
8483,2075750000000
8484,2076000000000
8485,2076250000000
8486,2076500000000
8487,2076750000000
8488,2077000000000
8489,2077250000000
8490,2077500000000
8491,2077750000000
8492,2078000000000
8493,2078250000000
8494,2078500000000
8495,2078750000000
8496,2079000000000
8497,2079250000000
8498,2079500000000
8499,2079750000000
8500,2080000000000
8501,2080250000000
8502,2080500000000
8503,2080750000000
8504,2081000000000
8505,2081250000000
8506,2081500000000
8507,2081750000000
8508,2082000000000
8509,2082250000000
8510,2082500000000
8511,2082750000000
8512,2083000000000
8513,2083250000000
8514,2083500000000
8515,2083750000000
8516,2084000000000
8517,2084250000000
8518,2084500000000
8519,2084750000000
8520,2085000000000
8521,2085250000000
8522,2085500000000
8523,2085750000000
8524,2086000000000
8525,2086250000000
8526,2086500000000
8527,2086750000000
8528,2087000000000
8529,2087250000000
8530,2087500000000
8531,2087750000000
8532,2088000000000
8533,2088250000000
8534,2088500000000
8535,2088750000000
8536,2089000000000
8537,2089250000000
8538,2089500000000
8539,2089750000000
8540,2090000000000
8541,2090250000000
8542,2090500000000
8543,2090750000000
8544,2091000000000
8545,2091250000000
8546,2091500000000
8547,2091750000000
8548,2092000000000
8549,2092250000000
8550,2092500000000
8551,2092750000000
8552,2093000000000
8553,2093250000000
8554,2093500000000
8555,2093750000000
8556,2094000000000
8557,2094250000000
8558,2094500000000
8559,2094750000000
8560,2095000000000
8561,2095250000000
8562,2095500000000
8563,2095750000000
8564,2096000000000
8565,2096250000000
8566,2096500000000
8567,2096750000000
8568,2097000000000
8569,2097250000000
8570,2097500000000
8571,2097750000000
8572,2098000000000
8573,2098250000000
8574,2098500000000
8575,2098750000000
8576,2099000000000
8577,2099250000000
8578,2099500000000
8579,2099750000000
8580,2100000000000
8581,2100250000000
8582,2100500000000
8583,2100750000000
8584,2101000000000
8585,2101250000000
8586,2101500000000
8587,2101750000000
8588,2102000000000
8589,2102250000000
8590,2102500000000
8591,2102750000000
8592,2103000000000
8593,2103250000000
8594,2103500000000
8595,2103750000000
8596,2104000000000
8597,2104250000000
8598,2104500000000
8599,2104750000000
8600,2105000000000
8601,2105250000000
8602,2105500000000
8603,2105750000000
8604,2106000000000
8605,2106250000000
8606,2106500000000
8607,2106750000000
8608,2107000000000
8609,2107250000000
8610,2107500000000
8611,2107750000000
8612,2108000000000
8613,2108250000000
8614,2108500000000
8615,2108750000000
8616,2109000000000
8617,2109250000000
8618,2109500000000
8619,2109750000000
8620,2110000000000
8621,2110250000000
8622,2110500000000
8623,2110750000000
8624,2111000000000
8625,2111250000000
8626,2111500000000
8627,2111750000000
8628,2112000000000
8629,2112250000000
8630,2112500000000
8631,2112750000000
8632,2113000000000
8633,2113250000000
8634,2113500000000
8635,2113750000000
8636,2114000000000
8637,2114250000000
8638,2114500000000
8639,2114750000000
8640,2115000000000
8641,2115250000000
8642,2115500000000
8643,2115750000000
8644,2116000000000
8645,2116250000000
8646,2116500000000
8647,2116750000000
8648,2117000000000
8649,2117250000000
8650,2117500000000
8651,2117750000000
8652,2118000000000
8653,2118250000000
8654,2118500000000
8655,2118750000000
8656,2119000000000
8657,2119250000000
8658,2119500000000
8659,2119750000000
8660,2120000000000
8661,2120250000000
8662,2120500000000
8663,2120750000000
8664,2121000000000
8665,2121250000000
8666,2121500000000
8667,2121750000000
8668,2122000000000
8669,2122250000000
8670,2122500000000
8671,2122750000000
8672,2123000000000
8673,2123250000000
8674,2123500000000
8675,2123750000000
8676,2124000000000
8677,2124250000000
8678,2124500000000
8679,2124750000000
8680,2125000000000
8681,2125250000000
8682,2125500000000
8683,2125750000000
8684,2126000000000
8685,2126250000000
8686,2126500000000
8687,2126750000000
8688,2127000000000
8689,2127250000000
8690,2127500000000
8691,2127750000000
8692,2128000000000
8693,2128250000000
8694,2128500000000
8695,2128750000000
8696,2129000000000
8697,2129250000000
8698,2129500000000
8699,2129750000000
8700,2130000000000
8701,2130250000000
8702,2130500000000
8703,2130750000000
8704,2131000000000
8705,2131250000000
8706,2131500000000
8707,2131750000000
8708,2132000000000
8709,2132250000000
8710,2132500000000
8711,2132750000000
8712,2133000000000
8713,2133250000000
8714,2133500000000
8715,2133750000000
8716,2134000000000
8717,2134250000000
8718,2134500000000
8719,2134750000000
8720,2135000000000
8721,2135250000000
8722,2135500000000
8723,2135750000000
8724,2136000000000
8725,2136250000000
8726,2136500000000
8727,2136750000000
8728,2137000000000
8729,2137250000000
8730,2137500000000
8731,2137750000000
8732,2138000000000
8733,2138250000000
8734,2138500000000
8735,2138750000000
8736,2139000000000
8737,2139250000000
8738,2139500000000
8739,2139750000000
8740,2140000000000
8741,2140250000000
8742,2140500000000
8743,2140750000000
8744,2141000000000
8745,2141250000000
8746,2141500000000
8747,2141750000000
8748,2142000000000
8749,2142250000000
8750,2142500000000
8751,2142750000000
8752,2143000000000
8753,2143250000000
8754,2143500000000
8755,2143750000000
8756,2144000000000
8757,2144250000000
8758,2144500000000
8759,2144750000000
8760,2145000000000
8761,2145250000000
8762,2145500000000
8763,2145750000000
8764,2146000000000
8765,2146250000000
8766,2146500000000
8767,2146750000000
8768,2147000000000
8769,2147250000000
8770,2147500000000
8771,2147750000000
8772,2148000000000
8773,2148250000000
8774,2148500000000
8775,2148750000000
8776,2149000000000
8777,2149250000000
8778,2149500000000
8779,2149750000000
8780,2150000000000
8781,2150250000000
8782,2150500000000
8783,2150750000000
8784,2151000000000
8785,2151250000000
8786,2151500000000
8787,2151750000000
8788,2152000000000
8789,2152250000000
8790,2152500000000
8791,2152750000000
8792,2153000000000
8793,2153250000000
8794,2153500000000
8795,2153750000000
8796,2154000000000
8797,2154250000000
8798,2154500000000
8799,2154750000000
8800,2155000000000
8801,2155250000000
8802,2155500000000
8803,2155750000000
8804,2156000000000
8805,2156250000000
8806,2156500000000
8807,2156750000000
8808,2157000000000
8809,2157250000000
8810,2157500000000
8811,2157750000000
8812,2158000000000
8813,2158250000000
8814,2158500000000
8815,2158750000000
8816,2159000000000
8817,2159250000000
8818,2159500000000
8819,2159750000000
8820,2160000000000
8821,2160250000000
8822,2160500000000
8823,2160750000000
8824,2161000000000
8825,2161250000000
8826,2161500000000
8827,2161750000000
8828,2162000000000
8829,2162250000000
8830,2162500000000
8831,2162750000000
8832,2163000000000
8833,2163250000000
8834,2163500000000
8835,2163750000000
8836,2164000000000
8837,2164250000000
8838,2164500000000
8839,2164750000000
8840,2165000000000
8841,2165250000000
8842,2165500000000
8843,2165750000000
8844,2166000000000
8845,2166250000000
8846,2166500000000
8847,2166750000000
8848,2167000000000
8849,2167250000000
8850,2167500000000
8851,2167750000000
8852,2168000000000
8853,2168250000000
8854,2168500000000
8855,2168750000000
8856,2169000000000
8857,2169250000000
8858,2169500000000
8859,2169750000000
8860,2170000000000
8861,2170250000000
8862,2170500000000
8863,2170750000000
8864,2171000000000
8865,2171250000000
8866,2171500000000
8867,2171750000000
8868,2172000000000
8869,2172250000000
8870,2172500000000
8871,2172750000000
8872,2173000000000
8873,2173250000000
8874,2173500000000
8875,2173750000000
8876,2174000000000
8877,2174250000000
8878,2174500000000
8879,2174750000000
8880,2175000000000
8881,2175250000000
8882,2175500000000
8883,2175750000000
8884,2176000000000
8885,2176250000000
8886,2176500000000
8887,2176750000000
8888,2177000000000
8889,2177250000000
8890,2177500000000
8891,2177750000000
8892,2178000000000
8893,2178250000000
8894,2178500000000
8895,2178750000000
8896,2179000000000
8897,2179250000000
8898,2179500000000
8899,2179750000000
8900,2180000000000
8901,2180250000000
8902,2180500000000
8903,2180750000000
8904,2181000000000
8905,2181250000000
8906,2181500000000
8907,2181750000000
8908,2182000000000
8909,2182250000000
8910,2182500000000
8911,2182750000000
8912,2183000000000
8913,2183250000000
8914,2183500000000
8915,2183750000000
8916,2184000000000
8917,2184250000000
8918,2184500000000
8919,2184750000000
8920,2185000000000
8921,2185250000000
8922,2185500000000
8923,2185750000000
8924,2186000000000
8925,2186250000000
8926,2186500000000
8927,2186750000000
8928,2187000000000
8929,2187250000000
8930,2187500000000
8931,2187750000000
8932,2188000000000
8933,2188250000000
8934,2188500000000
8935,2188750000000
8936,2189000000000
8937,2189250000000
8938,2189500000000
8939,2189750000000
8940,2190000000000
8941,2190250000000
8942,2190500000000
8943,2190750000000
8944,2191000000000
8945,2191250000000
8946,2191500000000
8947,2191750000000
8948,2192000000000
8949,2192250000000
8950,2192500000000
8951,2192750000000
8952,2193000000000
8953,2193250000000
8954,2193500000000
8955,2193750000000
8956,2194000000000
8957,2194250000000
8958,2194500000000
8959,2194750000000
8960,2195000000000
8961,2195250000000
8962,2195500000000
8963,2195750000000
8964,2196000000000
8965,2196250000000
8966,2196500000000
8967,2196750000000
8968,2197000000000
8969,2197250000000
8970,2197500000000
8971,2197750000000
8972,2198000000000
8973,2198250000000
8974,2198500000000
8975,2198750000000
8976,2199000000000
8977,2199250000000
8978,2199500000000
8979,2199750000000
8980,2200000000000
8981,2200250000000
8982,2200500000000
8983,2200750000000
8984,2201000000000
8985,2201250000000
8986,2201500000000
8987,2201750000000
8988,2202000000000
8989,2202250000000
8990,2202500000000
8991,2202750000000
8992,2203000000000
8993,2203250000000
8994,2203500000000
8995,2203750000000
8996,2204000000000
8997,2204250000000
8998,2204500000000
8999,2204750000000
9000,2205000000000
9001,2205250000000
9002,2205500000000
9003,2205750000000
9004,2206000000000
9005,2206250000000
9006,2206500000000
9007,2206750000000
9008,2207000000000
9009,2207250000000
9010,2207500000000
9011,2207750000000
9012,2208000000000
9013,2208250000000
9014,2208500000000
9015,2208750000000
9016,2209000000000
9017,2209250000000
9018,2209500000000
9019,2209750000000
9020,2210000000000
9021,2210250000000
9022,2210500000000
9023,2210750000000
9024,2211000000000
9025,2211250000000
9026,2211500000000
9027,2211750000000
9028,2212000000000
9029,2212250000000
9030,2212500000000
9031,2212750000000
9032,2213000000000
9033,2213250000000
9034,2213500000000
9035,2213750000000
9036,2214000000000
9037,2214250000000
9038,2214500000000
9039,2214750000000
9040,2215000000000
9041,2215250000000
9042,2215500000000
9043,2215750000000
9044,2216000000000
9045,2216250000000
9046,2216500000000
9047,2216750000000
9048,2217000000000
9049,2217250000000
9050,2217500000000
9051,2217750000000
9052,2218000000000
9053,2218250000000
9054,2218500000000
9055,2218750000000
9056,2219000000000
9057,2219250000000
9058,2219500000000
9059,2219750000000
9060,2220000000000
9061,2220250000000
9062,2220500000000
9063,2220750000000
9064,2221000000000
9065,2221250000000
9066,2221500000000
9067,2221750000000
9068,2222000000000
9069,2222250000000
9070,2222500000000
9071,2222750000000
9072,2223000000000
9073,2223250000000
9074,2223500000000
9075,2223750000000
9076,2224000000000
9077,2224250000000
9078,2224500000000
9079,2224750000000
9080,2225000000000
9081,2225250000000
9082,2225500000000
9083,2225750000000
9084,2226000000000
9085,2226250000000
9086,2226500000000
9087,2226750000000
9088,2227000000000
9089,2227250000000
9090,2227500000000
9091,2227750000000
9092,2228000000000
9093,2228250000000
9094,2228500000000
9095,2228750000000
9096,2229000000000
9097,2229250000000
9098,2229500000000
9099,2229750000000
9100,2230000000000
9101,2230250000000
9102,2230500000000
9103,2230750000000
9104,2231000000000
9105,2231250000000
9106,2231500000000
9107,2231750000000
9108,2232000000000
9109,2232250000000
9110,2232500000000
9111,2232750000000
9112,2233000000000
9113,2233250000000
9114,2233500000000
9115,2233750000000
9116,2234000000000
9117,2234250000000
9118,2234500000000
9119,2234750000000
9120,2235000000000
9121,2235250000000
9122,2235500000000
9123,2235750000000
9124,2236000000000
9125,2236250000000
9126,2236500000000
9127,2236750000000
9128,2237000000000
9129,2237250000000
9130,2237500000000
9131,2237750000000
9132,2238000000000
9133,2238250000000
9134,2238500000000
9135,2238750000000
9136,2239000000000
9137,2239250000000
9138,2239500000000
9139,2239750000000
9140,2240000000000
9141,2240250000000
9142,2240500000000
9143,2240750000000
9144,2241000000000
9145,2241250000000
9146,2241500000000
9147,2241750000000
9148,2242000000000
9149,2242250000000
9150,2242500000000
9151,2242750000000
9152,2243000000000
9153,2243250000000
9154,2243500000000
9155,2243750000000
9156,2244000000000
9157,2244250000000
9158,2244500000000
9159,2244750000000
9160,2245000000000
9161,2245250000000
9162,2245500000000
9163,2245750000000
9164,2246000000000
9165,2246250000000
9166,2246500000000
9167,2246750000000
9168,2247000000000
9169,2247250000000
9170,2247500000000
9171,2247750000000
9172,2248000000000
9173,2248250000000
9174,2248500000000
9175,2248750000000
9176,2249000000000
9177,2249250000000
9178,2249500000000
9179,2249750000000
9180,2250000000000
9181,2250250000000
9182,2250500000000
9183,2250750000000
9184,2251000000000
9185,2251250000000
9186,2251500000000
9187,2251750000000
9188,2252000000000
9189,2252250000000
9190,2252500000000
9191,2252750000000
9192,2253000000000
9193,2253250000000
9194,2253500000000
9195,2253750000000
9196,2254000000000
9197,2254250000000
9198,2254500000000
9199,2254750000000
9200,2255000000000
9201,2255250000000
9202,2255500000000
9203,2255750000000
9204,2256000000000
9205,2256250000000
9206,2256500000000
9207,2256750000000
9208,2257000000000
9209,2257250000000
9210,2257500000000
9211,2257750000000
9212,2258000000000
9213,2258250000000
9214,2258500000000
9215,2258750000000
9216,2259000000000
9217,2259250000000
9218,2259500000000
9219,2259750000000
9220,2260000000000
9221,2260250000000
9222,2260500000000
9223,2260750000000
9224,2261000000000
9225,2261250000000
9226,2261500000000
9227,2261750000000
9228,2262000000000
9229,2262250000000
9230,2262500000000
9231,2262750000000
9232,2263000000000
9233,2263250000000
9234,2263500000000
9235,2263750000000
9236,2264000000000
9237,2264250000000
9238,2264500000000
9239,2264750000000
9240,2265000000000
9241,2265250000000
9242,2265500000000
9243,2265750000000
9244,2266000000000
9245,2266250000000
9246,2266500000000
9247,2266750000000
9248,2267000000000
9249,2267250000000
9250,2267500000000
9251,2267750000000
9252,2268000000000
9253,2268250000000
9254,2268500000000
9255,2268750000000
9256,2269000000000
9257,2269250000000
9258,2269500000000
9259,2269750000000
9260,2270000000000
9261,2270250000000
9262,2270500000000
9263,2270750000000
9264,2271000000000
9265,2271250000000
9266,2271500000000
9267,2271750000000
9268,2272000000000
9269,2272250000000
9270,2272500000000
9271,2272750000000
9272,2273000000000
9273,2273250000000
9274,2273500000000
9275,2273750000000
9276,2274000000000
9277,2274250000000
9278,2274500000000
9279,2274750000000
9280,2275000000000
9281,2275250000000
9282,2275500000000
9283,2275750000000
9284,2276000000000
9285,2276250000000
9286,2276500000000
9287,2276750000000
9288,2277000000000
9289,2277250000000
9290,2277500000000
9291,2277750000000
9292,2278000000000
9293,2278250000000
9294,2278500000000
9295,2278750000000
9296,2279000000000
9297,2279250000000
9298,2279500000000
9299,2279750000000
9300,2280000000000
9301,2280250000000
9302,2280500000000
9303,2280750000000
9304,2281000000000
9305,2281250000000
9306,2281500000000
9307,2281750000000
9308,2282000000000
9309,2282250000000
9310,2282500000000
9311,2282750000000
9312,2283000000000
9313,2283250000000
9314,2283500000000
9315,2283750000000
9316,2284000000000
9317,2284250000000
9318,2284500000000
9319,2284750000000
9320,2285000000000
9321,2285250000000
9322,2285500000000
9323,2285750000000
9324,2286000000000
9325,2286250000000
9326,2286500000000
9327,2286750000000
9328,2287000000000
9329,2287250000000
9330,2287500000000
9331,2287750000000
9332,2288000000000
9333,2288250000000
9334,2288500000000
9335,2288750000000
9336,2289000000000
9337,2289250000000
9338,2289500000000
9339,2289750000000
9340,2290000000000
9341,2290250000000
9342,2290500000000
9343,2290750000000
9344,2291000000000
9345,2291250000000
9346,2291500000000
9347,2291750000000
9348,2292000000000
9349,2292250000000
9350,2292500000000
9351,2292750000000
9352,2293000000000
9353,2293250000000
9354,2293500000000
9355,2293750000000
9356,2294000000000
9357,2294250000000
9358,2294500000000
9359,2294750000000
9360,2295000000000
9361,2295250000000
9362,2295500000000
9363,2295750000000
9364,2296000000000
9365,2296250000000
9366,2296500000000
9367,2296750000000
9368,2297000000000
9369,2297250000000
9370,2297500000000
9371,2297750000000
9372,2298000000000
9373,2298250000000
9374,2298500000000
9375,2298750000000
9376,2299000000000
9377,2299250000000
9378,2299500000000
9379,2299750000000
9380,2300000000000
9381,2300250000000
9382,2300500000000
9383,2300750000000
9384,2301000000000
9385,2301250000000
9386,2301500000000
9387,2301750000000
9388,2302000000000
9389,2302250000000
9390,2302500000000
9391,2302750000000
9392,2303000000000
9393,2303250000000
9394,2303500000000
9395,2303750000000
9396,2304000000000
9397,2304250000000
9398,2304500000000
9399,2304750000000
9400,2305000000000
9401,2305250000000
9402,2305500000000
9403,2305750000000
9404,2306000000000
9405,2306250000000
9406,2306500000000
9407,2306750000000
9408,2307000000000
9409,2307250000000
9410,2307500000000
9411,2307750000000
9412,2308000000000
9413,2308250000000
9414,2308500000000
9415,2308750000000
9416,2309000000000
9417,2309250000000
9418,2309500000000
9419,2309750000000
9420,2310000000000
9421,2310250000000
9422,2310500000000
9423,2310750000000
9424,2311000000000
9425,2311250000000
9426,2311500000000
9427,2311750000000
9428,2312000000000
9429,2312250000000
9430,2312500000000
9431,2312750000000
9432,2313000000000
9433,2313250000000
9434,2313500000000
9435,2313750000000
9436,2314000000000
9437,2314250000000
9438,2314500000000
9439,2314750000000
9440,2315000000000
9441,2315250000000
9442,2315500000000
9443,2315750000000
9444,2316000000000
9445,2316250000000
9446,2316500000000
9447,2316750000000
9448,2317000000000
9449,2317250000000
9450,2317500000000
9451,2317750000000
9452,2318000000000
9453,2318250000000
9454,2318500000000
9455,2318750000000
9456,2319000000000
9457,2319250000000
9458,2319500000000
9459,2319750000000
9460,2320000000000
9461,2320250000000
9462,2320500000000
9463,2320750000000
9464,2321000000000
9465,2321250000000
9466,2321500000000
9467,2321750000000
9468,2322000000000
9469,2322250000000
9470,2322500000000
9471,2322750000000
9472,2323000000000
9473,2323250000000
9474,2323500000000
9475,2323750000000
9476,2324000000000
9477,2324250000000
9478,2324500000000
9479,2324750000000
9480,2325000000000
9481,2325250000000
9482,2325500000000
9483,2325750000000
9484,2326000000000
9485,2326250000000
9486,2326500000000
9487,2326750000000
9488,2327000000000
9489,2327250000000
9490,2327500000000
9491,2327750000000
9492,2328000000000
9493,2328250000000
9494,2328500000000
9495,2328750000000
9496,2329000000000
9497,2329250000000
9498,2329500000000
9499,2329750000000
9500,2330000000000
9501,2330250000000
9502,2330500000000
9503,2330750000000
9504,2331000000000
9505,2331250000000
9506,2331500000000
9507,2331750000000
9508,2332000000000
9509,2332250000000
9510,2332500000000
9511,2332750000000
9512,2333000000000
9513,2333250000000
9514,2333500000000
9515,2333750000000
9516,2334000000000
9517,2334250000000
9518,2334500000000
9519,2334750000000
9520,2335000000000
9521,2335250000000
9522,2335500000000
9523,2335750000000
9524,2336000000000
9525,2336250000000
9526,2336500000000
9527,2336750000000
9528,2337000000000
9529,2337250000000
9530,2337500000000
9531,2337750000000
9532,2338000000000
9533,2338250000000
9534,2338500000000
9535,2338750000000
9536,2339000000000
9537,2339250000000
9538,2339500000000
9539,2339750000000
9540,2340000000000
9541,2340250000000
9542,2340500000000
9543,2340750000000
9544,2341000000000
9545,2341250000000
9546,2341500000000
9547,2341750000000
9548,2342000000000
9549,2342250000000
9550,2342500000000
9551,2342750000000
9552,2343000000000
9553,2343250000000
9554,2343500000000
9555,2343750000000
9556,2344000000000
9557,2344250000000
9558,2344500000000
9559,2344750000000
9560,2345000000000
9561,2345250000000
9562,2345500000000
9563,2345750000000
9564,2346000000000
9565,2346250000000
9566,2346500000000
9567,2346750000000
9568,2347000000000
9569,2347250000000
9570,2347500000000
9571,2347750000000
9572,2348000000000
9573,2348250000000
9574,2348500000000
9575,2348750000000
9576,2349000000000
9577,2349250000000
9578,2349500000000
9579,2349750000000
9580,2350000000000
9581,2350250000000
9582,2350500000000
9583,2350750000000
9584,2351000000000
9585,2351250000000
9586,2351500000000
9587,2351750000000
9588,2352000000000
9589,2352250000000
9590,2352500000000
9591,2352750000000
9592,2353000000000
9593,2353250000000
9594,2353500000000
9595,2353750000000
9596,2354000000000
9597,2354250000000
9598,2354500000000
9599,2354750000000
9600,2355000000000
9601,2355250000000
9602,2355500000000
9603,2355750000000
9604,2356000000000
9605,2356250000000
9606,2356500000000
9607,2356750000000
9608,2357000000000
9609,2357250000000
9610,2357500000000
9611,2357750000000
9612,2358000000000
9613,2358250000000
9614,2358500000000
9615,2358750000000
9616,2359000000000
9617,2359250000000
9618,2359500000000
9619,2359750000000
9620,2360000000000
9621,2360250000000
9622,2360500000000
9623,2360750000000
9624,2361000000000
9625,2361250000000
9626,2361500000000
9627,2361750000000
9628,2362000000000
9629,2362250000000
9630,2362500000000
9631,2362750000000
9632,2363000000000
9633,2363250000000
9634,2363500000000
9635,2363750000000
9636,2364000000000
9637,2364250000000
9638,2364500000000
9639,2364750000000
9640,2365000000000
9641,2365250000000
9642,2365500000000
9643,2365750000000
9644,2366000000000
9645,2366250000000
9646,2366500000000
9647,2366750000000
9648,2367000000000
9649,2367250000000
9650,2367500000000
9651,2367750000000
9652,2368000000000
9653,2368250000000
9654,2368500000000
9655,2368750000000
9656,2369000000000
9657,2369250000000
9658,2369500000000
9659,2369750000000
9660,2370000000000
9661,2370250000000
9662,2370500000000
9663,2370750000000
9664,2371000000000
9665,2371250000000
9666,2371500000000
9667,2371750000000
9668,2372000000000
9669,2372250000000
9670,2372500000000
9671,2372750000000
9672,2373000000000
9673,2373250000000
9674,2373500000000
9675,2373750000000
9676,2374000000000
9677,2374250000000
9678,2374500000000
9679,2374750000000
9680,2375000000000
9681,2375250000000
9682,2375500000000
9683,2375750000000
9684,2376000000000
9685,2376250000000
9686,2376500000000
9687,2376750000000
9688,2377000000000
9689,2377250000000
9690,2377500000000
9691,2377750000000
9692,2378000000000
9693,2378250000000
9694,2378500000000
9695,2378750000000
9696,2379000000000
9697,2379250000000
9698,2379500000000
9699,2379750000000
9700,2380000000000
9701,2380250000000
9702,2380500000000
9703,2380750000000
9704,2381000000000
9705,2381250000000
9706,2381500000000
9707,2381750000000
9708,2382000000000
9709,2382250000000
9710,2382500000000
9711,2382750000000
9712,2383000000000
9713,2383250000000
9714,2383500000000
9715,2383750000000
9716,2384000000000
9717,2384250000000
9718,2384500000000
9719,2384750000000
9720,2385000000000
9721,2385250000000
9722,2385500000000
9723,2385750000000
9724,2386000000000
9725,2386250000000
9726,2386500000000
9727,2386750000000
9728,2387000000000
9729,2387250000000
9730,2387500000000
9731,2387750000000
9732,2388000000000
9733,2388250000000
9734,2388500000000
9735,2388750000000
9736,2389000000000
9737,2389250000000
9738,2389500000000
9739,2389750000000
9740,2390000000000
9741,2390250000000
9742,2390500000000
9743,2390750000000
9744,2391000000000
9745,2391250000000
9746,2391500000000
9747,2391750000000
9748,2392000000000
9749,2392250000000
9750,2392500000000
9751,2392750000000
9752,2393000000000
9753,2393250000000
9754,2393500000000
9755,2393750000000
9756,2394000000000
9757,2394250000000
9758,2394500000000
9759,2394750000000
9760,2395000000000
9761,2395250000000
9762,2395500000000
9763,2395750000000
9764,2396000000000
9765,2396250000000
9766,2396500000000
9767,2396750000000
9768,2397000000000
9769,2397250000000
9770,2397500000000
9771,2397750000000
9772,2398000000000
9773,2398250000000
9774,2398500000000
9775,2398750000000
9776,2399000000000
9777,2399250000000
9778,2399500000000
9779,2399750000000
9780,2400000000000
9781,2400250000000
9782,2400500000000
9783,2400750000000
9784,2401000000000
9785,2401250000000
9786,2401500000000
9787,2401750000000
9788,2402000000000
9789,2402250000000
9790,2402500000000
9791,2402750000000
9792,2403000000000
9793,2403250000000
9794,2403500000000
9795,2403750000000
9796,2404000000000
9797,2404250000000
9798,2404500000000
9799,2404750000000
9800,2405000000000
9801,2405250000000
9802,2405500000000
9803,2405750000000
9804,2406000000000
9805,2406250000000
9806,2406500000000
9807,2406750000000
9808,2407000000000
9809,2407250000000
9810,2407500000000
9811,2407750000000
9812,2408000000000
9813,2408250000000
9814,2408500000000
9815,2408750000000
9816,2409000000000
9817,2409250000000
9818,2409500000000
9819,2409750000000
9820,2410000000000
9821,2410250000000
9822,2410500000000
9823,2410750000000
9824,2411000000000
9825,2411250000000
9826,2411500000000
9827,2411750000000
9828,2412000000000
9829,2412250000000
9830,2412500000000
9831,2412750000000
9832,2413000000000
9833,2413250000000
9834,2413500000000
9835,2413750000000
9836,2414000000000
9837,2414250000000
9838,2414500000000
9839,2414750000000
9840,2415000000000
9841,2415250000000
9842,2415500000000
9843,2415750000000
9844,2416000000000
9845,2416250000000
9846,2416500000000
9847,2416750000000
9848,2417000000000
9849,2417250000000
9850,2417500000000
9851,2417750000000
9852,2418000000000
9853,2418250000000
9854,2418500000000
9855,2418750000000
9856,2419000000000
9857,2419250000000
9858,2419500000000
9859,2419750000000
9860,2420000000000
9861,2420250000000
9862,2420500000000
9863,2420750000000
9864,2421000000000
9865,2421250000000
9866,2421500000000
9867,2421750000000
9868,2422000000000
9869,2422250000000
9870,2422500000000
9871,2422750000000
9872,2423000000000
9873,2423250000000
9874,2423500000000
9875,2423750000000
9876,2424000000000
9877,2424250000000
9878,2424500000000
9879,2424750000000
9880,2425000000000
9881,2425250000000
9882,2425500000000
9883,2425750000000
9884,2426000000000
9885,2426250000000
9886,2426500000000
9887,2426750000000
9888,2427000000000
9889,2427250000000
9890,2427500000000
9891,2427750000000
9892,2428000000000
9893,2428250000000
9894,2428500000000
9895,2428750000000
9896,2429000000000
9897,2429250000000
9898,2429500000000
9899,2429750000000
9900,2430000000000
9901,2430250000000
9902,2430500000000
9903,2430750000000
9904,2431000000000
9905,2431250000000
9906,2431500000000
9907,2431750000000
9908,2432000000000
9909,2432250000000
9910,2432500000000
9911,2432750000000
9912,2433000000000
9913,2433250000000
9914,2433500000000
9915,2433750000000
9916,2434000000000
9917,2434250000000
9918,2434500000000
9919,2434750000000
9920,2435000000000
9921,2435250000000
9922,2435500000000
9923,2435750000000
9924,2436000000000
9925,2436250000000
9926,2436500000000
9927,2436750000000
9928,2437000000000
9929,2437250000000
9930,2437500000000
9931,2437750000000
9932,2438000000000
9933,2438250000000
9934,2438500000000
9935,2438750000000
9936,2439000000000
9937,2439250000000
9938,2439500000000
9939,2439750000000
9940,2440000000000
9941,2440250000000
9942,2440500000000
9943,2440750000000
9944,2441000000000
9945,2441250000000
9946,2441500000000
9947,2441750000000
9948,2442000000000
9949,2442250000000
9950,2442500000000
9951,2442750000000
9952,2443000000000
9953,2443250000000
9954,2443500000000
9955,2443750000000
9956,2444000000000
9957,2444250000000
9958,2444500000000
9959,2444750000000
9960,2445000000000
9961,2445250000000
9962,2445500000000
9963,2445750000000
9964,2446000000000
9965,2446250000000
9966,2446500000000
9967,2446750000000
9968,2447000000000
9969,2447250000000
9970,2447500000000
9971,2447750000000
9972,2448000000000
9973,2448250000000
9974,2448500000000
9975,2448750000000
9976,2449000000000
9977,2449250000000
9978,2449500000000
9979,2449750000000
9980,2450000000000
9981,2450250000000
9982,2450500000000
9983,2450750000000
9984,2451000000000
9985,2451250000000
9986,2451500000000
9987,2451750000000
9988,2452000000000
9989,2452250000000
9990,2452500000000
9991,2452750000000
9992,2453000000000
9993,2453250000000
9994,2453500000000
9995,2453750000000
9996,2454000000000
9997,2454250000000
9998,2454500000000
9999,2454750000000
10000,2455000000000
